,top,bottom
N06137,3598869,3599069
N15122,4068821,4069351
N06235,3476689,3476559
N15483,3822611,3822821
N09133,3491469,3486879
N02935,2630398,2500958
N15628,3930101,3897041
N03216,2145207,2523938
N06627,3389259,3342579
N00969,2691128,2727388
N07666,3427909,3425639
N00349,2777448,2777238
N06497,3333829,3334079
N03932,2475928,2475938
N02584,2696028,2787448
N02142,2695558,2762358
N07379,3600789,3545829
N09533,3910311,3910441
N09147,3430139,3430319
N00790,2606648,2785278
N06984,3362449,3362669
N08654,3456459,3486009
N16421,3960531,3960721
N01893,2607188,2378897
N10602,4016721,4016511
N09409,3926731,4000341
N14387,4156691,4165111
N14878,4108261,4066601
N15671,4153001,4153881
N07829,3803779,3754609
N00491,2706878,2503908
N03131,2792608,2135167
N04557,2475958,2475938
N10912,4075721,4075811
N01782,2917018,2917138
N04159,2770718,2783008
N00967,2776578,2794128
N01020,2812308,2605758
N04990,2904388,2475938
N02207,2591778,2623458
N04598,3044838,3004238
N14472,4251561,4251801
N10946,4235911,4236011
N03748,2671098,2417377
N06291,3406939,3417889
N01097,2527248,2527368
N15962,3961751,3961921
N07050,3768299,3767799
N07576,3423719,3423629
N15715,4071811,4072571
N00865,2907998,2908858
N03417,2552198,2592108
N03983,2831378,2833858
N11592,3860421,4032531
N10613,3978201,3972401
N08214,3584649,2936078
N03371,2568808,2605758
N09197,3427169,3426989
N05994,3488769,3384719
N14907,3962671,3963001
N16613,3947431,3992941
N15116,4068311,4069351
N02576,2761008,2761028
N08606,3392979,3365269
N07796,3463479,3463769
N05115,2616338,2594078
N05362,3784299,3784709
N04274,2900238,2997818
N00623,2789458,2820528
N04297,3060178,2911458
N03828,1832163,2553228
N09342,3782159,3882141
N15084,4187661,4013831
N02112,2751968,2642568
N05591,3433139,3432969
N07904,3462389,3732309
N06986,3750409,3750439
N03486,2546028,2320247
N10984,4186541,4188511
N08158,3471269,3471499
N14404,4308971,4308621
N08723,3389469,3709359
N06408,3339939,3670149
N16943,3767829,3767819
N07011,3750339,3750439
N14947,3686669,3686699
N11274,3997581,3995631
N16874,3884381,4032051
N15993,4150521,4089131
N10180,3870581,4000361
N04331,2895548,3074308
N02620,2651928,2643938
N09557,3885831,4032051
N09841,3214329,3023728
N06436,3669709,3670569
N15592,3870471,4262221
N15306,4187431,3956001
N07687,3435179,3433549
N04957,2907888,2908438
N08976,3770229,3770079
N10625,4152821,4154141
N07036,3768309,3768349
N11052,4097331,4230681
N00912,2625728,2779958
N15191,4128091,4205781
N15250,3861081,3861891
N02202,2796468,2542348
N14602,4062181,4061941
N03620,2641968,2707768
N16394,3951061,3951431
N08629,3830141,3830241
N15435,4251401,4013821
N15400,4171001,4171041
N08714,3339949,3340699
N00242,2554048,2553868
N15341,4170881,4169891
N11648,4023401,4000021
N03642,2521798,2550168
N15923,3926731,3925791
N15218,3817159,3817239
N10266,3951261,3954551
N11105,4275761,4275821
N00600,2627838,2630518
N07507,3471279,3455799
N07960,3583919,3595969
N10030,3955101,3955321
N01993,2502988,2645738
N11450,3967951,3920591
N16804,3960571,3920261
N10122,3943351,3943441
N14839,3925301,3926131
N03133,2792618,2135167
N04986,2783808,2492928
N01214,2690018,2548438
N04131,2329407,2320247
N11635,4063851,3910791
N16375,3956901,3956481
N14803,4127231,4096841
N02687,2552928,2765488
N01439,3156338,2908228
N04135,2651928,2765618
N04582,2903738,3023848
N10391,3765889,4149431
N16358,4152211,3972401
N06561,3793339,3753269
N08755,3544549,3543919
N03409,2750738,2842288
N06773,3780559,3780539
N03377,2593058,2587678
N01599,2911868,2893848
N00232,2903368,2748958
N01149,2613018,2608138
N15624,3953081,3953131
N01966,2811178,3184999
N15585,3975751,3977391
N12431,3906121,3906581
N10562,3930121,3930321
N02759,2523568,2748078
N16932,4000941,3920381
N03175,2807988,2642568
N00757,2542238,2542558
N03591,2464218,2513248
N07485,3471699,3393069
N07105,3460179,3460129
N01691,2983858,2985188
N00795,2481538,2481638
N00231,3077758,2517628
N07433,3744389,3743969
N08584,3392709,3393069
N02428,2625688,2750178
N15542,3988671,3988981
N15244,4099071,4103771
N09601,3957361,4000631
N15357,4075541,4075881
N15167,3980051,3980061
N02750,2760998,2761018
N14148,4300251,4301281
N08639,3830341,3829151
N14805,3969851,4072951
N06700,3828981,3826291
N06083,3340679,3341099
N09703,3234329,3234829
N00767,2552698,2550098
N15346,4170891,4152491
N15704,4003521,3956061
N15139,4251441,3976181
N09647,3819051,3819071
N00860,2774368,2774438
N15991,4086881,4025101
N14868,4206331,4205571
N10561,3930141,3930161
N10426,3947441,3947831
N05557,3436239,3386779
N09645,3780859,3780689
N15247,3951301,3951371
N14559,3952151,3952271
N15077,4005231,4005611
N16146,4164201,4164831
N14119,4350061,4170321
N08902,3800399,3715829
N02727,2768018,2468498
N15524,4179351,4088981
N07786,3535599,3578829
N09574,3851531,3852531
N14700,4312941,4314341
N07921,3353049,3353199
N03697,2401097,2079197
N05724,3396139,3640629
N00413,2536788,2538038
N00174,2784488,2820528
N06165,4320571,3393089
N01188,2477008,2477018
N16805,3960591,4376551
N08066,3611799,3419539
N00315,2746238,2531218
N04466,2993198,2911458
N06612,3433079,3812909
N08204,3583959,3689549
N09205,3708739,3708719
N01121,2687288,2686988
N00363,2357477,2474288
N03188,2563568,2523668
N08499,3301479,3301859
N03963,2507318,2511878
N15702,4003481,3927441
N06337,3349999,3350159
N02848,2555038,2605708
N09101,3724749,3770869
N01824,2971878,3231539
N16163,3930131,3930161
N01122,2812418,2605758
N16427,3960081,3960101
N11720,4153091,4428891
N08921,3667789,3554469
N14091,4341671,4392551
N05484,3598939,3665749
N09447,3940901,3941061
N10072,3913921,3910901
N16508,4064011,3975571
N07963,3588729,3596109
N08542,3715249,3258779
N16595,3997001,3995631
N04201,2689428,2689848
N10272,3951051,3954551
N10916,4075661,4075801
N16493,3870901,4025101
N04516,3002378,2911458
N08664,3496769,3496609
N14965,4374541,4374241
N10462,3964951,3978711
N10551,3766779,3766729
N14537,3962671,3979361
N08189,3431709,3431759
N02833,2417397,2594278
N14196,4457241,4457251
N16328,4081561,4082191
N02876,2623848,2596328
N03319,2556848,2538038
N15150,4001541,4001861
N00738,2812358,2522078
N00333,2581648,2453318
N06843,3460799,3590559
N01598,2894058,2893858
N03189,2832788,2523668
N09245,3553029,3259469
N00717,2535258,2537338
N04832,2808338,2903248
N10153,4063661,4063581
N14740,4194631,4013621
N14398,4359971,3976221
N03223,2523468,2523668
N00799,2481508,2509828
N06158,3782159,3789079
N04308,3025938,3000618
N00298,2623488,2623458
N15756,4066371,4066601
N15591,3870851,4154141
N01850,2932688,2932458
N14239,3979151,3978691
N01994,2429848,2833858
N03469,2585778,2587678
N10870,3874291,3985071
N03062,2557058,2748088
N04885,2512558,2911468
N04851,2960818,2779958
N05830,3429599,3490949
N06819,3388859,3255829
N14576,3949261,3949411
N08425,3389559,3387379
N09498,3994791,3995111
N05415,4040251,3379829
N14869,4206381,4066581
N09092,3539069,3538239
N06816,3388049,3388129
N11736,4152251,4108981
N04621,3000488,3023698
N14661,4181161,4418541
N03315,2553398,2629178
N10759,4144341,3910971
N09976,3956601,3994811
N07723,3442169,3477999
N15578,3860941,4013251
N03333,2705028,2553868
N10797,4095181,3925991
N07418,3730389,3450589
N06936,3384549,3353199
N06704,3757069,3542659
N03423,2552718,2629158
N16664,3915411,3976011
N02682,2552258,2765498
N10289,4251411,3896671
N06698,3757119,3757269
N16180,3766699,4041551
N04713,3077758,2524648
N01053,2623698,2896088
N03778,2566138,2493048
N09560,4463141,3836831
N07211,3369519,3463029
N15107,4182041,4182051
N10175,3870421,3976011
N16906,3926321,3915371
N08395,3360479,3638139
N09089,3537919,3393089
N00087,2682658,2802888
N14538,3981761,3979411
N09350,4016691,4032591
N15013,4159961,4109891
N14409,4308921,4176781
N11566,4104391,4104221
N09568,3938531,3836831
N00200,2585628,2756708
N16425,4251401,4000741
N06134,3389249,3534039
N14020,4453581,3906641
N04988,2903308,2538358
N14586,3949581,4004931
N03222,2670168,2523668
N04966,2630668,2952178
N01186,2477028,2690468
N08209,3584449,2936078
N10496,3994781,3994811
N15950,4059401,4054651
N06273,3407219,3408529
N03701,2623478,2623638
N05588,3702969,3706369
N04374,2991798,2904398
N15914,4001081,4000211
N01556,2924088,3023728
N03039,2633698,2707768
N16119,4152751,4154141
N07815,3506849,3508089
N01743,3000548,3000598
N06420,3410079,3414519
N16322,3964951,4000141
N08430,3710519,3710469
N05221,3390239,3390089
N06392,3817591,3764499
N08456,3492059,3490959
N09795,3129498,3019448
N05234,2907978,3077538
N16531,3983061,3926791
N16582,3990761,3990341
N07983,3751929,3754279
N01150,2643788,2608158
N06610,3485699,3812819
N16243,3861371,3861581
N09272,3611629,3663149
N12117,4001041,3999631
N08974,3770309,3770049
N11783,3883981,3969891
N07938,3581949,3599069
N14178,4182161,4151071
N14383,3949271,3949361
N16812,3861061,4032601
N02843,2642008,2557178
N10094,4251411,4063061
N15645,3997541,3995451
N10664,3190139,3190269
N07725,3756859,3756819
N00357,2777368,2777498
N04174,2776088,2755958
N00864,2774408,2774308
N09302,4039701,3450589
N09162,3803799,3430319
N14584,3949591,4151291
N15907,3953321,3953471
N05188,3220999,3221139
N00270,2491218,2749808
N03842,2495318,2605758
N04763,2947408,2896078
N14876,3944631,4066581
N12809,3994791,3994811
N15263,4016321,4016561
N03561,2453388,2453278
N14614,4062161,4061951
N10899,4110811,4109861
N04646,3022578,3023848
N09095,3551289,3537259
N14493,4083871,4082281
N15075,4005211,4005591
N14901,3957601,3961941
N00373,2768628,2768618
N08019,3751489,3790899
N14967,4374551,4066581
N02041,2808228,2723988
N00350,2777548,2777248
N03257,2555078,2707768
N09248,3553169,3715829
N12925,3938521,3976391
N01231,2579198,2903268
N10977,4154881,4154141
N04765,2993608,2935938
N05545,3433069,3432969
N10995,4124831,4124041
N12434,3906151,3970011
N08607,3392989,3689549
N16306,4162421,4105711
N00569,2500468,2500138
N04168,2819038,2523938
N01756,2945558,3173539
N09748,3597869,3539899
N00382,2587248,2588048
N15348,4110881,4089141
N15417,3937591,4164831
N08111,3484249,3554499
N00894,2566158,2565328
N01747,2913888,3042728
N04937,1840083,2928048
N03203,2571388,2605758
N15338,4170901,4170281
N06650,3519179,3379929
N00782,2545928,2546128
N16658,4505531,4505261
N05985,3488789,3387379
N16301,3765839,3765779
N11387,4169121,4156781
N03101,2877258,2487068
N03054,2667218,2555868
N16295,4041581,4041521
N04246,2524498,3123638
N05951,3462389,3486619
N02303,2805128,2542478
N00463,2907558,2784808
N01525,2907778,3186789
N01096,2527238,2527428
N03900,2489608,2488238
N16013,3942251,4006031
N16779,4376701,4376561
N10395,3765789,4082931
N01169,2446358,2756708
N03347,2643588,2642568
N10446,4400261,3836831
N09083,3538219,3538239
N14940,4171371,4464901
N00280,3257219,2493048
N04660,2907828,3183589
N08109,3484269,3554469
N10710,4368771,4366641
N05857,3762089,3801299
N01204,2741598,2755958
N00616,2503818,2617528
N02417,2720508,2720868
N16735,3938461,3956711
N02580,2687278,2686998
N04453,2538208,2762618
N06135,3389259,3534039
N01919,2526488,2526498
N00881,2569918,2613668
N08212,3584579,2936078
N15800,3926301,4019761
N00166,2614958,2865268
N08785,3766559,3766539
N06246,3497119,3476579
N07640,3800159,3800039
N10246,3937101,3836831
N11399,3861251,4034711
N07237,3369839,3339409
N16624,3969811,3956501
N05858,3762139,3762259
N16827,3938441,3940611
N11709,4124671,4124471
N00031,2808438,2503898
N15153,4001841,4001931
N09087,3551289,3570059
N05856,3762079,3762259
N16736,3940201,3920661
N14475,4251331,4251661
N10202,4153751,4153681
N02015,2552518,2544798
N08712,3367689,3367679
N02586,2630168,2714108
N08759,3544409,3543919
N09159,3430469,3430149
N16905,3957441,3957931
N15050,4236081,4193401
N03724,2831448,2605758
N00540,2753208,2790468
N15181,3979921,3980241
N15573,3989211,3969891
N08605,3392939,3393139
N16538,3906061,3906581
N01412,3084908,2988488
N11789,4083481,4137231
N11851,4271771,3925991
N00070,2609028,2605738
N07053,3376109,3377979
N10667,3028318,2925878
N06841,3460759,3599069
N15351,4103011,4105781
N04915,2865128,2724088
N00887,2643538,2596288
N11497,4145691,4154501
N15238,4144461,3910911
N11258,4251401,4014011
N03735,2614958,2594278
N12914,3957761,3958001
N15515,3956761,3959761
N16479,4205541,4205721
N06822,3388029,2987098
N16168,3930031,3930071
N08757,3544199,3543919
N00293,2492818,2492998
N15631,4096061,3897171
N16922,3957081,4000631
N03369,2429308,2430248
N15598,4182871,4183511
N15079,4005751,4005511
N08040,3589259,3754379
N06149,3599149,3599069
N04773,2884788,2935938
N09649,3024228,3433339
N01139,2475928,2475918
N08545,3352269,3352479
N05670,3397069,3397129
N14618,4090691,4090511
N08484,3629969,3630029
N01383,3282079,2903248
N14191,4457231,4457211
N15433,4251401,4013961
N01760,2851428,2988468
N16379,3956431,3957171
N16625,3959671,3956821
N15228,4183691,4185201
N10285,3957671,3956851
N00556,2624388,2624608
N00711,2811898,2944348
N06660,3379449,3463029
N14208,4155441,4251671
N15319,3926051,3957871
N10458,3861251,4016981
N00984,2884808,2991828
N01052,2623688,2811568
N07682,3021138,3433369
N02483,2783918,2842258
N15025,4119281,4152081
N01735,3193519,3193599
N00785,2801928,2804128
N00851,2593138,2587598
N09933,3906511,3970011
N15104,4151081,4151121
N02321,2636038,2500958
N14207,4155431,4039951
N15789,4083481,4014051
N07444,3744689,3743969
N00082,2320207,2320247
N08764,3598939,3578839
N02674,2545688,2553208
N00094,2549538,2549398
N16440,3869171,3940481
N14501,4247271,4248171
N02498,2796248,2553208
N03676,2512418,2512438
N04110,2503068,2639448
N15737,4171771,4478701
N03182,2552908,2724088
N00655,2945168,2945438
N09706,3240749,3196409
N00506,2985168,2808548
N14908,3962511,4464861
N16097,3975481,4036601
N12926,4000941,3999631
N01034,3168349,2727388
N14582,4407811,3949341
N00265,2497018,2487058
N16410,3959901,3959941
N01796,2940598,3014818
N05368,3784429,3784709
N00251,3252839,3252819
N11727,4087331,4025101
N08466,3514259,3490959
N09651,3736169,3774879
N15647,3997591,3926791
N06540,3802039,3789529
N04796,2895988,2730988
N15516,3880051,3969051
N04025,2571428,2562708
N06555,3792979,3793059
N14887,4068441,4069321
N01116,2818288,2786168
N10987,3875121,4188511
N00090,2478138,2489938
N06778,3500689,3689549
N00640,2518318,3559699
N03104,2643548,2503898
N00457,2511958,2511888
N06152,3598989,3599069
N00653,2634968,2783508
N14040,4378911,4381821
N11288,3991561,4444111
N15600,4175151,4183511
N06647,3519299,3519769
N00348,2785198,2777728
N05161,2563698,2512448
N16596,3997011,3995851
N15428,4127301,3976011
N02432,2877758,2913098
N03644,2542318,2542348
N16535,4152211,4152081
N14159,3897031,3927031
N10409,4041611,4041551
N09056,3610639,3367659
N06331,3621629,3350189
N15120,4068811,4069351
N16502,4063851,4063591
N11148,3988621,3989281
N02755,2824148,2765478
N04583,2909528,2997818
N04068,2463498,2463548
N16829,4021101,3940481
N06762,3461909,3563089
N01703,3022138,3023698
N16755,3926741,3926781
N05450,3703529,3704359
N09502,3994571,3994931
N10151,4063861,3970011
N14212,4154761,4156101
N03157,2568788,2748108
N15325,3940281,3956721
N08977,3770239,3770029
N01989,2757118,2544798
N14173,4391671,4082931
N08831,3321009,3639489
N04236,2916998,2917098
N11643,3964951,3851081
N06962,3483819,3534019
N03485,2545918,2320247
N03601,2582008,2579488
N10654,3205969,3206119
N16889,3851531,3852171
N15525,4087571,4183481
N09161,3803779,3430339
N01835,3153128,2961768
N06126,3788239,3782199
N07231,3551899,3520759
N00274,2895928,2730988
N11260,4195881,4143881
N01839,3002708,3002878
N06889,3372439,3599069
N07169,3398889,3362669
N02779,2830268,2778398
N10925,4275751,4238931
N05681,3396739,3396839
N14625,4071801,4072571
N11463,4021101,4337451
N06223,3361979,3426309
N01242,2594258,2594298
N15208,3816979,3817059
N15160,4189731,4066601
N07168,3398939,3362739
N07067,3768249,3767799
N03529,2513008,2453308
N12643,3947951,3941321
N15036,4161951,4165161
N16323,3927401,3999761
N00622,2783678,2824228
N10503,4090771,4089921
N15055,4229901,4152231
N11068,3961761,3972891
N15995,4481791,4164831
N03821,2743188,2865968
N15155,3919381,3919321
N00548,2951088,2936078
N10600,4016331,4016631
N01841,2950778,2987958
N00903,2782408,2781478
N16933,3800539,3799899
N00985,2592878,2596288
N07172,3690239,3698049
N01015,2645678,2645738
N05953,3507219,3499049
N05548,3637029,3637279
N06842,3460769,3486619
N15719,4071641,4072481
N11645,3955121,3851221
N11455,3949121,4014141
N08768,3762789,3763079
N08890,3471209,3379849
N16105,4146391,3976201
N15791,4000871,4053141
N06121,3788229,3782289
N04510,2948348,2938658
N10137,3966381,3966601
N14186,3928141,3927521
N03282,2796538,2587678
N10597,4016731,4016501
N02367,2538338,2833128
N07700,3582309,3393089
N15977,3953111,3952991
N00529,2810868,2811388
N14348,4417281,4417031
N06729,3543669,3440029
N08308,3754349,3362739
N09674,3221959,2993788
N00260,2762708,2749838
N08082,3554239,3554879
N02640,2584148,2555868
N00366,2818808,2816558
N14542,3979071,3979431
N08454,3734959,3755739
N00642,3027488,3077538
N00678,2507428,2511878
N03067,2744728,2596328
N04792,2753778,2494818
N16484,3870281,3870771
N10407,4041601,4041551
N09847,3480139,3200069
N14396,4359941,3976221
N15342,4170881,4170321
N16446,4149501,3910931
N04654,2477158,2476788
N11357,3906201,4153881
N09558,3885761,3836831
N12878,3836791,3836801
N08539,3707479,3715829
N15242,4194231,4036601
N06549,3792879,3793019
N06923,3598989,3397199
N14211,4154751,4039951
N02287,2748198,2511078
N00005,2635948,2787448
N04793,2895998,2454648
N06116,3568449,3789589
N14296,4176761,3988301
N16241,3860411,3861551
N16583,3990091,3990361
N10253,3959501,3959601
N03171,2566178,2546988
N06869,3502569,3334089
N00838,2552398,2667438
N11007,3951041,3951421
N09120,3399029,3491649
N11765,3943201,4154141
N10599,4016641,4016631
N09237,3563389,3661109
N09642,3698649,3698779
N09452,3953531,3953521
N02109,2552518,2605758
N14198,4457221,4457211
N06261,3407209,3404949
N15765,4218861,4096131
N02332,2538208,2833128
N06127,3788229,3782209
N05964,3484269,3370149
N00690,2792208,2747998
N00843,2796248,2790278
N06281,3407339,3415069
N16737,3940211,4013981
N04568,2503088,2935938
N11049,4159241,4159251
N07143,3406579,3584089
N07915,3352879,3353209
N15713,4071781,4072671
N03052,2552388,2555298
N02443,2631568,2631328
N05197,2971158,3671619
N01759,3065088,2851448
N00932,2819028,2515468
N08577,3701789,3701959
N14795,4095011,4093481
N15292,4253131,4253231
N07582,3695779,3434039
N00979,2706768,2757538
N04743,2542358,2804978
N15366,4238091,4152221
N03586,2478228,2542348
N16775,4001091,4000331
N05236,3234479,2923698
N15427,3951021,3954551
N15388,4176321,4152081
N16443,3869401,3940441
N09778,3221729,2909558
N08845,3764349,3764769
N16245,3861241,3861921
N09326,3785539,3649329
N15326,3938601,3956681
N03258,2706978,2605708
N07175,3690189,3698049
N15735,4155031,4478701
N09499,3994571,3995091
N04243,3036848,2950348
N03050,2552578,2553868
N00962,2779348,2780278
N09591,3925361,3925511
N00459,2787478,2513248
N15722,4071671,4072681
N11498,4145711,4104241
N01610,3003168,3167679
N01788,2904388,2935938
N15507,4275751,4276141
N15676,4154891,4428871
N10954,4176731,4154141
N00862,2774248,2935938
N10343,4081561,4082921
N14555,3952161,3952251
N16828,3933011,3933251
N04604,2810218,2811388
N06696,3298079,3545849
N09711,3227329,3232979
N03233,2477038,2690468
N15138,4524091,4384421
N15581,3938531,3940491
N03139,2553328,2135167
N04954,2795038,3001978
N03731,2495238,2743198
N04254,2884778,2884358
N08229,3728839,3729199
N10642,3233979,3234089
N15011,4121361,4000021
N08200,3584369,3377979
N16771,4001001,3999641
N08145,3471209,3471449
N00739,2522278,2522098
N06941,3384459,3365299
N08888,3669709,3380019
N10134,3966341,3966611
N11220,4153091,4428981
N14033,4379091,4382251
N00388,2835768,2521158
N09798,3121048,2950618
N11656,3955121,3926781
N02248,2783728,2596328
N14682,4245561,4245721
N00774,2552748,2544778
N09523,3940211,3988261
N07233,3525159,3377979
N04318,3064238,3037728
N07090,3786469,3786299
N16385,3979911,3980461
N10433,3947311,3926781
N14794,4094251,4104291
N00250,2706968,2707558
N01949,2555038,2544798
N10527,4251401,4021421
N02030,2765368,2820628
N04785,2884568,2884438
N02149,2818978,2752518
N09665,3726659,3726819
N09755,3056278,3014858
N15511,4275751,4319821
N14389,4165491,4223401
N01282,2911178,3041978
N03048,2587558,2555298
N05558,3436239,3386789
N00504,2808338,2503928
N01702,3021858,3539919
N06311,3598939,3621999
N16287,3964951,4000361
N00494,2499978,2500208
N01190,2477108,2690468
N09734,3205829,3206119
N00995,2462018,2462058
N07750,3497729,3367659
N04294,2593138,2961528
N04942,2770228,2944368
N15980,3955121,4020361
N15045,3978891,3978691
N09931,3906501,3926781
N05604,3384239,3386199
N00769,2714638,2816588
N16418,3960791,4418541
N16022,3955811,4436221
N01399,2900178,2903918
N14108,4165821,4436221
N08791,3540379,3540309
N02024,2741558,2335357
N14553,3952041,3952281
N08734,3709549,3802459
N11110,4275781,4275831
N06290,3406859,3578789
N16853,3910381,3910521
N06415,3409929,3410789
N04978,2614958,2952268
N06163,3704729,3393089
N16309,4103751,4104461
N04956,2907548,2908858
N14297,4176641,4013951
N00789,2553938,2799118
N11753,4251441,4005551
N15659,4444221,3897001
N10506,4090001,3981831
N14685,4245601,4245731
N07032,3376669,3377949
N08409,3788359,3788599
N16166,3930111,3930151
N01563,2823958,2811478
N08420,3788369,3788529
N00836,2623858,2623458
N06560,3795029,3793389
N06676,3519019,3379859
N02581,2824288,2547168
N15459,3784139,4428911
N08021,3592569,3593119
N09457,3910571,4025101
N04600,3002698,3002728
N16271,3947171,3947761
N01889,2742888,2343497
N03022,2811308,2810668
N15601,4167751,4183481
N16656,4471181,3940431
N15964,3961771,3978671
N06564,3795399,3798059
N15898,4103451,3928291
N10113,3943141,3943551
N16463,3930401,3995891
N00829,2556518,2617698
N10947,4247511,4236011
N08632,3829081,3829151
N09541,3813159,3813799
N00648,2607318,2785298
N14218,4170201,4034711
N08275,3739509,3739469
N15668,3861151,3861911
N04295,3059698,2911458
N04620,3004718,2902628
N09449,4251621,3941161
N07508,3471309,3455799
N15212,3816919,3817019
N05252,3689119,3689549
N11611,3991721,3993111
N06442,3700599,3790879
N01496,3034128,3184009
N16873,3884061,4032051
N14500,4247231,4247351
N08614,3701449,3801309
N01631,2923068,2988488
N00718,2774958,2727388
N07506,3471239,3430149
N10261,3960611,3581599
N01391,2920638,2908588
N09863,3236439,3226469
N16891,3915361,3925511
N03627,2564618,2564698
N02670,2555058,2639448
N09540,3813149,3813789
N07119,3641549,3735399
N03733,2882208,2953098
N14344,4417191,4016471
N15617,4210771,3956501
N07165,3398789,3399279
N08855,3763799,3801309
N16371,4251631,3896651
N15680,4151601,4151801
N08783,3486909,3540279
N06705,3826451,3826411
N15159,4066641,4066601
N00483,2706878,2707768
N06619,3813949,3583069
N05607,3425509,3386199
N16393,3951271,3951431
N15727,4155341,4156781
N07439,3457839,3463139
N07025,3375519,3378119
N00931,2912378,2935938
N01553,2971358,2923528
N07775,3346019,3593139
N14018,4383301,3906641
N07413,3730169,3450589
N16660,3933141,3933211
N14728,4442741,3947831
N09295,3809809,3599069
N02239,2796538,2636788
N12432,3906111,3970011
N04706,2904108,2524648
N02550,2804178,2605758
N03634,2570738,2562708
N06543,3789489,3789529
N06452,3713359,3713649
N16745,3993181,3910511
N05609,3425469,3386199
N07375,3599919,3729199
N01175,2523558,2523668
N15583,4001011,3999591
N11801,4142801,4109051
N06318,3350029,3350149
N09187,3394109,3440479
N07816,3506999,3539759
N09619,3737839,3737859
N01828,2937808,2764918
N14226,4171751,4156261
N10895,4170541,4169981
N14009,4383171,4383411
N03711,2638138,2492958
N09383,3846411,4025101
N08017,3751379,3754379
N00311,2758008,2830188
N09185,3393889,3440479
N03324,2503058,2666348
N06322,3457859,3350319
N04804,2778898,2780588
N03501,2552908,2528508
N08916,3667539,3544299
N00546,2811178,2820338
N02981,2582848,2579478
N03373,2765408,2535088
N00264,2647448,2487048
N01541,3014538,3023698
N10268,3932771,3932731
N11238,4119751,3956501
N03641,2521798,2550158
N14038,4379761,4381821
N07871,3359959,3365299
N14969,3996871,3995831
N16053,3838621,3995871
N01920,2823028,2823008
N06447,3700519,3790899
N00754,2948348,2805088
N07341,3532849,3350189
N05952,3506519,3486629
N00811,2704748,2553868
N03355,2689438,2689848
N00564,2490578,2492928
N15123,4068441,4069351
N01085,2429808,2579478
N08011,3751799,3790899
N10459,3860421,3861791
N04069,2127787,2127387
N16080,3951301,3951431
N02070,2793648,2793228
N16918,3957691,3999591
N04952,2907988,3001138
N09230,3238609,3370149
N12429,3906101,3906581
N03129,2555078,2135167
N09459,3910581,3955401
N07167,3398859,3362669
N14229,3979211,3979401
N03071,2538658,2605708
N05045,2817278,2817238
N04959,2907568,2787448
N11464,3981821,4338021
N03964,2429838,2833858
N08227,3728959,3728949
N15187,4368781,4366941
N12886,3926311,4025101
N16941,3873971,3852711
N04727,3266769,2944128
N08536,3707399,3554469
N05186,3220999,3212439
N10724,4368811,4366941
N07029,3768279,3798119
N04689,2907788,2492928
N02995,2534098,2534108
N05049,2751988,2509848
N15984,4088551,4126161
N00047,2938928,2804978
N05080,2790598,2790468
N16112,3994651,3994831
N06673,3660079,3378159
N07763,3544129,3544299
N02023,2614958,2913458
N01129,2563698,2927978
N01011,2516338,2924218
N04554,2905888,2944368
N09702,3205159,3205669
N05345,3214909,2936088
N14818,4138581,4138541
N16555,3955101,3910431
N04121,2944748,2924238
N04147,2830528,2830538
N08582,3411749,3393129
N16288,4000941,4000631
N09629,3255779,3019468
N00778,2553848,2544818
N02402,2687348,2755958
N11253,4005831,4013841
N14867,4205381,4205571
N08552,3352389,3352489
N04679,2941618,3064948
N15526,4087601,4016631
N14895,4195921,3978741
N07692,3389289,3682129
N11732,4110881,4109891
N09604,3957071,3919951
N01173,2781368,2523658
N10423,4063851,3947701
N08724,3431709,3709459
N03756,2556618,2503928
N16800,3910561,3910511
N05709,3583939,3639489
N16758,3926761,3926811
N05521,4371061,3801729
N05938,3793779,3515779
N15557,3989291,3989281
N04611,2994898,2997808
N16498,3869301,4016501
N14724,3977601,4393651
N14195,4477971,4478011
N16773,3940251,3941291
N04967,2783808,2952228
N09660,3077738,3353459
N16216,3765919,4053141
N14862,4204851,4144161
N01254,2777568,2777238
N00458,2784798,2513208
N03535,2511928,2594278
N07819,3507219,3539759
N09975,3956571,4000341
N10502,4089991,4090561
N02256,2753828,3183009
N16219,3960131,3765779
N14056,4379901,4382401
N05975,3484649,3471479
N11241,4084141,4084071
N14579,3949651,4004931
N02817,2771568,2771368
N14408,4308871,4029531
N11252,4251441,3897101
N02603,2568748,2724028
N00450,2796578,2553918
N00501,2500868,2563398
N08162,3471349,3471499
N14290,4176401,4176551
N08217,3583919,3689549
N09730,3065058,3673079
N01628,3059178,3059158
N00151,2915198,2730988
N00893,2611238,2565318
N14746,4358271,4358611
N00105,2596268,2596328
N15047,4275781,3978991
N14161,4391681,4392491
N16631,3956581,4477731
N02768,2524608,2720858
N00902,2782348,2596328
N16929,4376701,4376831
N10803,3926761,4096851
N16278,3861071,3861931
N11305,4266761,3957461
N00383,2587258,2588008
N08208,3584099,3689549
N01614,3231219,3202249
N16529,3943281,3943981
N08012,3590249,3790879
N03786,2554118,2553228
N08779,3578279,3578789
N08150,3471209,3471479
N03727,2495208,2494818
N16912,3818011,3825481
N03990,2519038,2518578
N15489,4466301,4338111
N00429,2488788,2484278
N00820,2777378,2776288
N05811,3752269,3405859
N16518,3967091,3966291
N05202,2929468,3539919
N06271,3411379,3408419
N00444,2721558,2830608
N15597,4200681,4183511
N06896,3372819,3463029
N10342,4080571,4082931
N15963,3961781,3972401
N01697,3126648,2993788
N00786,2545618,2588048
N07913,3352849,3370149
N02625,2644508,2493048
N14325,4032071,4032521
N14547,4054641,4054651
N00736,2574368,2576488
N15069,3942411,3943821
N01975,2783048,2587678
N09266,3592269,3766549
N09389,3846441,3846001
N14227,4170191,4039951
N12436,3927141,3970011
N15332,4444721,4477731
N01696,3065108,3042818
N11654,3926241,4449621
N16666,4032041,4032451
N15973,3932771,3932781
N07156,3690189,3698039
N16145,4161801,4164831
N06585,3729269,3729009
N00936,2751778,2642568
N00804,2825308,2825278
N08300,3400409,3370049
N01558,2924188,2988298
N08119,3489259,3488679
N15771,4168731,3910931
N15078,4005451,4005651
N08083,3554219,3554889
N01064,2516058,2579408
N09390,3938461,3920591
N09400,3994581,3995091
N14955,4072841,4073071
N08758,3544219,3543919
N01849,3026298,3026368
N04791,2896008,2631328
N03716,2510008,2320247
N00578,2515428,2490368
N15227,4183421,4185191
N10703,4016381,4016561
N00170,2639538,2576248
N16715,3969811,3969981
N00490,2783808,2748008
N02630,2570698,2562718
N10936,4338311,4338331
N14003,4647441,4605941
N06359,3595649,3595549
N15005,4118761,3990341
N02366,2605058,2547018
N05595,3637009,3387379
N16801,3910611,4025101
N00442,2721548,2775838
N02621,2651898,2643928
N04000,2591898,2592058
N01370,3025368,3042938
N10775,3862051,3862201
N10129,3966811,3966781
N06847,3460399,3471479
N15452,3995081,3940611
N05855,3762119,3762259
N00464,2787608,2787528
N00682,2776848,2776818
N03746,2882768,2495188
N09930,4090091,3969981
N14683,4245481,4245741
N16532,3969811,3970681
N15790,3836771,4017041
N00807,2481458,2481638
N00008,2899048,2814848
N16540,3906431,3970011
N06830,3389049,3255829
N10110,3906071,3970011
N14055,4350061,4382261
N03615,2695558,2587678
N07849,3373189,3365299
N01014,2941658,2944038
N15457,4067441,4067501
N00038,2898918,2899218
N01325,2932678,3002878
N01819,2894868,2894908
N06329,3621609,3621999
N07589,3423699,3696009
N16028,4148351,4066581
N16233,3978181,3920651
N15952,4195461,3988311
N09385,3846391,3846021
N07080,3377549,3689549
N00291,2490758,2492928
N00068,2398417,2825778
N04065,2496578,2502908
N08137,3778889,3771649
N02050,2618098,2519968
N06998,3750419,3362739
N01515,2907658,2958838
N00356,2777358,2777508
N16409,3959801,3960741
N07513,3721009,3802699
N09592,3915321,3926371
N16123,4151641,4152491
N09578,3933351,3933251
N06659,3379429,3463029
N16122,3345669,3918961
N00941,3002718,3002868
N15958,3961521,3964361
N07454,3459249,3463029
N14241,4195341,3979461
N02597,2748208,2752518
N06950,3384709,3620659
N09094,3539119,3538239
N02778,2830238,2821568
N09102,3724719,3770829
N14791,4094231,4205781
N11347,4003531,3927421
N02377,2821628,2821528
N01742,3000498,3042818
N09145,3430219,3804069
N10668,3231489,3231519
N05940,3460649,3515869
N16622,3956511,3957461
N15916,3927381,3850931
N06536,3785359,3785429
N04726,2941618,3077538
N05688,3396779,3393089
N08765,3463689,3763269
N00268,2783528,2913108
N08733,3709509,3440469
N01489,3036638,3253579
N16464,3930371,3920591
N06142,3809819,3393069
N00172,2555098,2555308
N10323,4081881,4082171
N07094,3786279,3786299
N02057,2804198,2799108
N14299,4176501,4013861
N15537,4338401,4338421
N03226,3077738,2748958
N05629,3620709,3544299
N06665,3379609,3689549
N01733,2912468,2918548
N01752,2914188,3198109
N15149,4001841,4001871
N08344,3722559,3345729
N07111,3460199,3377979
N15865,4194631,3765929
N15966,3961531,3961921
N04752,2933138,2935938
N04739,2898188,2804978
N16623,3956621,3956811
N15118,4068601,4069351
N03244,2566478,2463448
N04480,2983848,2808548
N05471,3703419,3704389
N14649,4016431,4405701
N00292,2490768,2652288
N00933,2783978,2824228
N09717,3014108,2925878
N08067,3531699,3419549
N02845,2760968,2761028
N08033,3316349,2997808
N11013,4288111,4288201
N00715,2736518,2537338
N01288,3202669,3202439
N15020,4119471,4089131
N01056,2781568,2531218
N08030,3316279,2997808
N15465,4524221,4251661
N15421,4124981,4125011
N05102,2782648,2780838
N00732,2605318,2576528
N07432,3471439,3463139
N14706,4313821,4375761
N06140,3599169,3599069
N15142,4065591,4384451
N15017,4119661,4109861
N06554,3792969,3793059
N16230,3978521,4152491
N16008,3944621,4006021
N11292,4444201,4444111
N06552,3792919,3793019
N02761,2605168,2549398
N06721,3757089,3545829
N00708,2587418,2588008
N10463,3940211,3978721
N02223,2805178,2804978
N01681,3246169,3026438
N14656,4181121,4183961
N04180,2785188,2643938
N06826,3388059,3388129
N16507,4064021,4063581
N03556,2455748,2453308
N00480,2699388,2808838
N08720,3389249,3440089
N09672,3723669,3019438
N09802,3191719,2991528
N08440,3710549,3440479
N14511,4247241,3976221
N00135,2494468,2494168
N07830,3754899,3754939
N05412,3798819,3758259
N15564,3989481,4053141
N09685,3390269,3037568
N15622,3953551,3953471
N05018,2608788,2833858
N05630,3620839,3544299
N04521,2950318,2958838
N08852,3259449,3259469
N14295,4176181,3988301
N16465,3930391,3995891
N00476,2632358,2632408
N06334,3621839,3350539
N06916,3384779,3384719
N08063,3750849,3790879
N15009,4120021,3956061
N10536,3967211,3966001
N07922,3732219,3732359
N01154,2624778,2624658
N02078,2818158,2817898
N01205,2741378,2755958
N09887,3881161,3992941
N09198,3409929,3427019
N08535,3707299,3715829
N07130,3405339,3406949
N05251,2951038,2936078
N00281,2524498,2493058
N10109,3926981,3970011
N11763,3942681,4090561
N09325,3785529,3812259
N09735,3153008,3029268
N15324,3940961,3988311
N08917,3667569,3649319
N07128,3405389,3407149
N14725,4441031,4442661
N06025,3511779,3500509
N15037,3978881,3978971
N14585,3949401,3949421
N14714,4088861,4104141
N01445,2897358,2944148
N06269,3750839,3700019
N00198,2552538,2576258
N07044,3375889,3378159
N10639,3243379,3243439
N01935,2814408,2786198
N14904,4007231,4464901
N11790,4083471,4137241
N10034,3996961,3995871
N05019,2776968,2565318
N02058,2623698,2569008
N00674,2829738,2785258
N03356,2675128,2468508
N02240,2812288,2724078
N07136,3405339,3407279
N02010,2782348,2666348
N11248,3927391,3897071
N01890,2356987,2839468
N07174,3690179,3698049
N08533,3715309,3715829
N10521,4151541,4151621
N14563,3952151,3952301
N03184,2563558,2724008
N14158,3896961,3927031
N00734,2572538,2576528
N00168,2563528,2666348
N16057,4407921,4408261
N16017,3942851,4154141
N06894,3372749,3448789
N00451,2796538,2825778
N01210,2490288,2490368
N06405,3485699,3669989
N07749,3497799,3462269
N04869,2988748,2666348
N01764,2851498,2935938
N14135,4299261,4299321
N00246,3249019,2903248
N08427,3389189,3389089
N15197,4127341,4124701
N14045,4379701,4396171
N00197,2552518,2707768
N01367,2785158,2816588
N11255,4005831,4013851
N15660,4119201,4016501
N06882,3373079,3378019
N00479,2632468,2790458
N08980,3770209,3458509
N14202,4154801,4156471
N00883,2570648,2613718
N15657,4444161,4032051
N16694,3926761,4444151
N16386,3979951,3980461
N00460,2617488,2513558
N14214,4154811,4172041
N09681,3685349,3143798
N06557,3792949,3793059
N06703,3367729,3297929
N15048,4275761,4195991
N15780,3961791,3961941
N15262,4016371,4016471
N15782,3961491,3961941
N06178,3607229,3365319
N05671,3707779,3707879
N15249,3822561,3822711
N09603,3957091,3920011
N00879,2782538,2562608
N01376,3176639,3193599
N15755,3942531,3943571
N16830,4023401,4032051
N15733,4170171,4156001
N06556,3792939,3793019
N00582,2768028,2783508
N09969,3959281,3956851
N01178,2776558,2783008
N07328,3535269,3434779
N14545,3979101,4315031
N01393,2980688,2895348
N06829,3388999,2879648
N08182,3582669,3350149
N09982,3956651,3956661
N15975,4032131,4032581
N05446,3148798,3417889
N00210,2551958,2555288
N14100,4358271,4396181
N14913,3916241,3916251
N00271,2797588,2943848
N02599,2943968,2944758
N14701,4325601,3988261
N03400,2476808,2477018
N08633,3829111,3829171
N15978,3953111,3953161
N16452,4021301,4021401
N15158,3918941,3919241
N06533,3795849,3796139
N01420,2921268,2911468
N10539,4205231,4205101
N04199,2741478,2723988
N15749,4081281,4082181
N01252,2902448,2833138
N03703,2623878,2492928
N03918,2468378,2468398
N07166,3398849,3449019
N15081,4262601,4238931
N15614,4119761,3956481
N00882,2570038,2613668
N15957,3978451,4478701
N01044,2794088,2882088
N15449,4250941,4250951
N02438,2820598,2820538
N00539,2804578,2519968
N04730,2944818,2950458
N10095,3925521,3925981
N02306,2699138,2699108
N14105,4388921,4389211
N08065,3751939,3378149
N02294,2821598,2807998
N07001,3362129,3362699
N04211,3058478,3058268
N00381,2773898,2588018
N15941,3345669,3918911
N00661,2464128,2464158
N12115,4000801,3999751
N00467,2513498,2945518
N06699,3422099,3757279
N00332,2453448,2453298
N09700,3191679,3194059
N07771,3781039,3334099
N14738,4313821,4440951
N10316,4037981,3915891
N03194,2555048,2548458
N03626,2127347,2542348
N09136,3617059,3379969
N08279,3739519,3739469
N15046,3978941,3979001
N15467,4524091,4251671
N03330,2593118,2587678
N14386,4165491,4165101
N09204,3422099,3708389
N03603,2582688,2579478
N06743,3734449,3735569
N10871,4018661,4000221
N08218,3583929,3689549
N09774,3198179,3022288
N06957,3482099,3483059
N06867,3414349,3490959
N08962,3770299,3557149
N08143,3471379,3471399
N07793,3780269,3578829
N00029,2638168,2113317
N00594,2794308,2788738
N03705,2623698,2492928
N02004,2808328,2808548
N11881,3766739,4082931
N08521,3301829,3387379
N06035,3551819,3601159
N08540,3707489,3258779
N16630,3956441,3956561
N06611,3433079,3812879
N11892,3916241,3932731
N04445,2643548,2762628
N14144,4300141,4301341
N01248,2822648,2833138
N08801,3450719,3450589
N04039,2699388,2453308
N01480,3155218,2936048
N16063,3982821,3970821
N15251,4075661,4013791
N03414,2926618,2926628
N00597,2991578,2913468
N15344,4170561,4169941
N05132,2824028,2820628
N11262,4195031,4143921
N11701,3961341,3964361
N01692,3024138,3000618
N14044,4379881,4154501
N01104,2480578,2480518
N09432,4251541,4025071
N14421,4241231,4021401
N00531,2811068,2820338
N16100,3765899,4082921
N15862,4194441,4177691
N04101,2493428,2113317
N01007,2816738,2752518
N08787,3766599,3766589
N06987,3362559,3362689
N09653,3261279,2960418
N08211,3584509,2936088
N06985,3362209,3362679
N14893,4195801,3978711
N03882,2455118,2454648
N00788,2545948,2605068
N14957,4072851,4072951
N04803,2900148,3077538
N14581,3838611,3949351
N03328,2477118,2476788
N11647,3927391,3851181
N06456,3714569,3714609
N07473,3455599,3455869
N16224,4195431,3978701
N08149,3471349,3801309
N03977,2507478,2513208
N09854,3671439,3671379
N01226,2794558,2794448
N08219,3728989,3728979
N16866,4164111,4164831
N00295,2492868,2492958
N16487,3870641,4000331
N14432,4349141,4359171
N06402,3486909,3669739
N07451,3459099,3463029
N14870,4206491,4205571
N09823,3240239,3240299
N16054,3839151,3995871
N07581,3695799,3423569
N15006,4116941,4089191
N04448,3048148,3000598
N03684,2417397,2605758
N06664,3379499,3378019
N07811,3506729,3539859
N10702,4311851,4311421
N01622,3059558,3051338
N08685,3620509,3620549
N01017,2757348,2666348
N08152,3471269,4340081
N00456,2513498,2511878
N01040,2798228,2793918
N07008,3362519,3362679
N06147,3389289,3350149
N14678,4156691,4156701
N04950,2746468,2762648
N05022,2319577,2944318
N06336,3621739,3621989
N16831,3964891,3965011
N15086,3948951,4013891
N15674,4154891,4428861
N15202,3816949,3817009
N09052,3610749,3449019
N00751,2805138,2804978
N15693,4003091,4004921
N07095,3563609,3334099
N04786,2884628,2884438
N09613,4001011,3999781
N06949,3384589,3384879
N09024,3797859,3455789
N09544,4251411,4251771
N05451,3703609,3704449
N03795,2771398,2553228
N04617,2753798,2753728
N15363,4084051,3953501
N00519,2520368,2480608
N07760,3460759,3544249
N14479,4173661,4190391
N11369,4071711,4072671
N07227,3525099,3599069
N11218,4183241,4428911
N15450,4217061,4217091
N00571,2499978,2506318
N10239,3937641,3836841
N00478,2632388,2790458
N01213,2806378,2747998
N02748,2490118,2753298
N03253,3250349,2493048
N03122,2690578,2134137
N15018,4119191,3870771
N15775,4254351,3910931
N09958,3875131,3973061
N15211,3816899,3817019
N11372,4071661,4072561
N06715,3543339,3426189
N07232,3525149,3520759
N15207,3826251,3817009
N03344,2643548,2642568
N01275,3480179,3480719
N02097,2805138,2542478
N15809,4145671,3940441
N01699,3065028,3065238
N09247,3770209,3555169
N10227,3949121,4032591
N10675,3014048,2935918
N07803,3463689,3534039
N00335,2641958,2453188
N00452,2750058,2750188
N11302,3957661,3956561
N00097,2623688,2765898
N03700,2401137,2401067
N01045,2591948,2592138
N02579,2784628,2787448
N10618,3927311,4104241
N12523,3927311,3926791
N16391,3951281,3951431
N11308,3961521,3972821
N14401,4163971,4359921
N04899,3257259,2631328
N02108,2751888,2519968
N16380,3981821,3981831
N15210,3816929,3817239
N15730,4171671,4156431
N14145,4299891,4301301
N09448,3988231,3941321
N02333,2695558,2695918
N09428,3915331,4000341
N10897,4152211,4169981
N16560,3914271,3910931
N08069,3419409,3462269
N09693,3075938,3218529
N14193,4477941,4477991
N14094,4395961,4396141
N16236,3957771,3978731
N15691,4003571,4005011
N15764,4097331,4096191
N16844,3940291,4251801
N05725,3497059,3786169
N11320,4153091,4153801
N02356,2753768,2753728
N01822,2894848,3026448
N08726,3709619,3709679
N15701,4003361,4004981
N00815,2552598,2639448
N00078,2752238,2752008
N12118,4018711,4000221
N10972,3911121,3910911
N01118,2812348,2605758
N14039,4378711,4154501
N15438,4288171,3836801
N14647,4431531,4430981
N14879,4108241,3943691
N08978,3770199,3458509
N16927,4376651,4376791
N07772,3780089,3781279
N00045,2127347,2378597
N09053,3461909,3599069
N16144,4162001,4164831
N00287,2492898,2492928
N01217,2548288,2608158
N03167,2607208,2419287
N07818,3507189,3539729
N10655,3001748,3022288
N02643,2783858,2842278
N00586,2862358,2756708
N15792,4001111,4000231
N04193,2586808,2790458
N01827,3176589,2951078
N10594,4164121,4164661
N06667,3379629,3353229
N11056,3979931,3980231
N09456,3953531,3953331
N16871,3885371,4032051
N07028,3768199,3768399
N11048,3766849,3956061
N14507,4247271,4223401
N00641,2518388,3069138
N04078,2511498,2511888
N16143,4164131,4164831
N04574,2503208,2808548
N04926,3076688,3077538
N14660,4179921,4179941
N02407,2462278,2542478
N09654,3736059,3525429
N15560,3988861,3989491
N06262,3407169,3404979
N08897,3555829,3555819
N11118,4001221,4001331
N09199,3598999,3427029
N14860,4204931,4205571
N04628,2538208,2932468
N16124,3976471,3977631
N14613,4062461,4152231
N08753,3544559,3543929
N16503,4063611,3927441
N01684,2907158,2908268
N00957,2581908,2582508
N03607,2583248,2565198
N07876,3363659,3365269
N07928,3732229,3732359
N02046,2784778,2787458
N14347,4417221,4016561
N05574,3637559,3365299
N15219,3816969,3817239
N16886,4040321,4040231
N08975,3770249,3770069
N15490,4466301,4466321
N04852,2960848,2779958
N05943,3484689,3515939
N09598,3957591,3920011
N01714,3199289,3167679
N10401,4041621,4041531
N01072,2446428,2724088
N05613,3716189,3689919
N07171,3398909,3449019
N14648,4170891,4405761
N01323,2922098,3023848
N05713,3557349,3639949
N01299,3077738,2882128
N16811,3861181,3861551
N01540,2924008,2923468
N15278,4094201,4152221
N04045,2461138,2460868
N03386,2710978,2513558
N08716,3340109,3340829
N08966,3556979,3450589
N16280,4001051,3999781
N02269,2811818,2811578
N14747,4016641,4016581
N00117,2502968,2553558
N05668,3707799,3707869
N15408,4230541,3874921
N09806,3233979,3245669
N03363,2500478,2562708
N08437,3710589,3487349
N11612,3991731,3765939
N14113,4167421,4152221
N00385,2587898,2588018
N01410,3065628,2911468
N03853,2662548,2662708
N06136,3389269,3440479
N15044,3978931,3978671
N04637,3077758,3183599
N07817,3507059,3507969
N00173,2908048,2896098
N15876,4505461,4707521
N08961,3556689,3557129
N06032,3749089,3748839
N00620,2645558,2633578
N00997,3027448,2788738
N00610,2824248,2824228
N11830,4407811,3836861
N06550,3792899,3793019
N09250,3553079,3715829
N04149,2830578,2592058
N05950,3485889,3486599
N00650,2646028,2709328
N09846,3144148,3144228
N15274,4095921,4137131
N07853,3461909,3365189
N07812,3506399,3539759
N03460,2489608,2492088
N15372,3926761,4027641
N00934,2565428,2559788
N08604,3701759,3755639
N16496,3870481,3870791
N06558,3792959,3793059
N06824,3692089,3259469
N16677,3949001,4444211
N15554,3991131,3989451
N16778,4376521,4376551
N02476,2595718,2487068
N05482,3386629,3568699
N08383,3412519,3413119
N16777,4376531,4376551
N15364,4238401,4239141
N16654,3875121,3941311
N06663,3379289,3404979
N04450,2901328,2492928
N04795,2936028,2524648
N08172,3589509,3581639
N08984,3770299,3458509
N14248,4377581,4402081
N07837,3500239,3433299
N03228,2401087,2400967
N04129,2744738,2817178
N09777,3199899,3024918
N08842,3583919,3258779
N00073,2523538,2762638
N15163,4251451,4251801
N10707,4177441,4177671
N02056,2607538,2799108
N01801,2944698,2924608
N06199,3533929,3534039
N00417,2556538,2556808
N15514,4006351,4275981
N00689,2774158,2588018
N00949,2691168,2756708
N00615,2737288,2578478
N15987,4110811,4418541
N02507,2621338,2335357
N05477,3821961,3350149
N16492,3870891,3976011
N11572,4034881,4016461
N03517,2555078,2842438
N05419,3561399,3389409
N00697,2554428,2553198
N10976,4067421,4067491
N08816,3451009,3259469
N01757,3037588,3037538
N05715,3389259,3640269
N07026,3375829,3378149
N15276,4094521,4104291
N04624,2775778,2775758
N03152,2667208,2596328
N10671,3077738,3678059
N04897,2563508,2508398
N00825,2551698,2576258
N02365,2542098,2542558
N09650,3525019,3525439
N03926,2419407,2419277
N00647,2607228,2748108
N02511,2630588,2503928
N08007,3596449,3471399
N14192,4456421,4456431
N08283,3739499,3514159
N00294,2492828,2510588
N00809,2549218,2561798
N16095,4052891,4177691
N06780,3560879,3599069
N05021,2636878,2636788
N14074,4034651,4049061
N03314,2765398,2623458
N03021,2811328,2810678
N03622,2557138,2453308
N01094,2527148,2527428
N01731,2935148,2912368
N03893,2746828,2522388
N15162,4251631,4251781
N01931,2831908,2623638
N16326,4080581,4082921
N07678,3350029,3353309
N03677,2496578,2487078
N09765,3231509,3231579
N15060,4192171,4169981
N01415,2993188,3041978
N04116,2332517,2320247
N09813,3049428,3167679
N07578,3477749,3423649
N16754,3926751,3940481
N14863,4205291,4066621
N07388,3182269,3335089
N16043,4087371,4109091
N08652,3485769,3400549
N15536,4338381,4338431
N14855,4401891,4402041
N02285,2797568,2794458
N15022,4120091,3965011
N14249,4377451,4073041
N01930,2710568,2623458
N02381,2748918,2517628
N03759,2604578,2491428
N00965,2776508,2777318
N02790,2787598,2594078
N02100,2804598,2777508
N02343,2795028,2720868
N02775,2811098,2810668
N14349,4417291,4417021
N00575,2500458,2639448
N09153,3430199,3430149
N00803,3077738,2927958
N02401,2714638,2755948
N02344,2496578,2487068
N09010,3696929,3471499
N09716,3142368,3142698
N07787,3535649,3350539
N03725,2831438,2605758
N15955,3978471,4066561
N04556,3077758,2945128
N14735,4444171,4137231
N07689,3485699,3682079
N14742,4177581,4014061
N08475,3727339,3357889
N07688,3485699,3682049
N11631,3928181,4104241
N15245,4098941,4104291
N03952,2497118,2489938
N02587,2630848,2592048
N06670,3396459,3378159
N02069,2491218,2944428
N15924,3861191,3861791
N09821,3213969,3203009
N10369,4103741,4104621
N10653,3480079,2991828
N01862,2980658,2980758
N06662,3396449,3463029
N01821,3249069,2894908
N00532,2470088,2471018
N08732,3709489,3709559
N01474,2942478,3004238
N16373,4251631,3896731
N00667,2771388,2553228
N03243,2492098,2487068
N04031,2549528,2549408
N01483,2895978,2899978
N05253,3689129,2936078
N09739,3221069,3143798
N01167,2598688,2598588
N16926,4376621,4376821
N06096,3551349,3599069
N16795,3953421,3953371
N15033,4164251,4165161
N00046,2378627,2127487
N04636,3077738,3183589
N14332,4012901,4016971
N01038,2611178,2592108
N07964,3316269,3596129
N16516,3966381,3967291
N08210,3584499,2936088
N06544,3802029,3789529
N04439,2922758,2516178
N16232,4195261,3920651
N08077,3793319,3625529
N07071,3768129,3767799
N11012,4288001,4288191
N01349,2901258,2944368
N02610,2646168,2646488
N01267,2751978,3014798
N04524,3022578,3004238
N14497,4082481,4082851
N05411,3798779,3715829
N04666,2891668,3183579
N09947,4471201,3940431
N02832,2957598,2723988
N14533,3979081,3979381
N04979,2623698,2952278
N07366,3601459,3486389
N14110,4166911,4354981
N02345,2795318,2553208
N06615,3479529,3557249
N05038,2593138,2746478
N10884,4444711,4005611
N15940,4104451,3955321
N14694,4375721,4375761
N07041,3375539,3378119
N03343,2643188,2642568
N03611,2566308,2565208
N09041,3369799,3462269
N16060,3983061,3970301
N14789,4095651,4939651
N14503,4247211,4366681
N06924,3462389,3739359
N05344,3214849,2936088
N15556,3991121,3989491
N08958,3556749,3557029
N00115,2835768,2500608
N11287,3990631,3925871
N02613,2647348,2646488
N04861,2911908,2911548
N10673,3243399,3243439
N09396,3940281,3920651
N09692,3168269,3014858
N04824,2538208,2538358
N01008,2516348,2516028
N16869,4251621,4251671
N06899,3751059,3729539
N00518,2811248,2820338
N04799,2616338,2503928
N10273,3951111,3954551
N06460,3669699,3713919
N08482,3735149,3630009
N02038,2877338,2519968
N10066,3913941,3910911
N11841,4006381,4006461
N15349,4102991,4105181
N09146,3430139,3430149
N06313,3621699,3775069
N08424,3388959,3387369
N09303,3395389,3851941
N01272,2751998,2752008
N16035,3979941,3980321
N04812,2895098,2911468
N14131,4298211,4298221
N10241,3937671,3836841
N16913,3823241,3818261
N14150,4300651,4301391
N14477,4251441,4418541
N07093,3563569,3570459
N04447,3316609,2851448
N06851,3460639,3419549
N01580,2994868,2998618
N14532,3979071,3979461
N03308,2579838,2579478
N06848,3460409,3419559
N16396,3951091,3954551
N07228,3736149,3584059
N09235,3563139,3377979
N14395,4359931,3975611
N08599,3392739,3393099
N09662,3476849,3571069
N01417,2911888,2911538
N16447,4149511,4149451
N16665,3915421,3910511
N08968,3556859,3389409
N08795,3766659,3766549
N05475,3821991,3689549
N03172,2794318,2788738
N00012,2582948,2576528
N04888,2808338,2808548
N07075,3377299,3378119
N03571,2720438,2524648
N01105,2480448,2480518
N00358,2777388,2829688
N07665,3799769,3799779
N07798,3463469,3378009
N01018,2812228,2522078
N09064,3583919,3470329
N01404,3059738,3074308
N07718,3448259,3448789
N09054,3610669,3393089
N08185,3582719,3540309
N14595,4068961,4069181
N03180,2492058,2487068
N01927,2762498,2707558
N11628,3928211,3928221
N14060,4086881,4381651
N16661,3933081,3933201
N14744,4358241,4358611
N14476,4251401,4418571
N03399,2476808,2690468
N00510,2503208,2913708
N01066,2464618,2724088
N08534,3707289,3715829
N16793,3953421,3953431
N03378,2914258,2953098
N05974,3501439,3488359
N03707,2605058,2707768
N06956,3739759,3782199
N10230,4163971,4149451
N08428,3598899,3389179
N00712,2774958,2832768
N11217,4183031,4428911
N02363,2492058,2749818
N00167,2639548,2576488
N03463,2489868,2671118
N16917,3957521,3957911
N00064,2581868,2582508
N09239,3565449,3595969
N01256,2836478,2520898
N05589,3709189,3702129
N01907,2493528,2494818
N09600,3957531,3919951
N05992,3488749,3387379
N00599,2630018,2682438
N01688,2941218,2944128
N15007,4116831,3787979
N01082,2429298,2605758
N15161,4066431,4066621
N03015,2689918,2755138
N04798,2895908,2903248
N02852,2787338,2787348
N08386,3413499,3413119
N15384,4247511,4236001
N06193,3533589,3534039
N14883,3943181,4006761
N05269,3689399,2936078
N02374,2762278,2794458
N14840,3923191,3928761
N00845,2557538,2790468
N00194,2552248,2576258
N11010,3836771,4013701
N04867,2912038,2911468
N01763,2851488,3002878
N12904,3915271,4449641
N04886,3077738,2508398
N14925,4320691,4320841
N01647,3004898,3213409
N01503,2902458,2913708
N14410,4308981,4308621
N10073,3911151,3910901
N01804,3202699,3196689
N09048,3611679,3544299
N00487,2818988,2911468
N01055,2741508,2755948
N01155,2797728,2797678
N03749,2514898,2417377
N00669,2923028,2516178
N03391,2453448,2882108
N16426,3960081,3959961
N11735,4138721,3978711
N06411,3411769,3414519
N15579,3861061,3861601
N09388,3846541,4025101
N16638,3874401,4025071
N00740,2522178,2605748
N00730,2737278,2576248
N05716,3395189,3640279
N16239,4012891,4013251
N02973,2647368,2646508
N11364,4071951,4246311
N06434,3411749,2936078
N09638,3706529,3706649
N01730,3021798,3014858
N09817,3024048,3054948
N14498,4084171,4082731
N01284,3231209,3041978
N00361,2357387,2474288
N08884,3349469,3379819
N08314,3754529,3400549
N01891,2369027,2513208
N06997,3750409,3362669
N05823,3261289,3570459
N14317,4461571,4164831
N05073,2781348,2723988
N14612,4062041,3910921
N01679,2918278,3004238
N05954,3484979,3500509
N00499,2808368,2503928
N09684,3198299,3022288
N07412,3730199,3769659
N02220,2741348,2335357
N00545,2790618,2790458
N04167,2819258,2818938
N01494,2990258,3037438
N14906,3972441,4464861
N14932,4154351,4152231
N08048,3596409,2935938
N08820,3774029,3450589
N14499,4247161,4248021
N10288,3957261,3956501
N14081,4143771,3955971
N15087,4292661,4292691
N10568,3930011,3930321
N15103,4182191,4151071
N08663,3496619,3367679
N14566,3952221,3952301
N01208,2784278,2747998
N16052,3838611,3995871
N01273,3000448,2911568
N01230,2765398,2579268
N16420,3960621,3960721
N00988,2503068,2583818
N03736,2628948,2517628
N03800,2594198,2672438
N14653,4179901,3996181
N02393,2563698,2793918
N05685,3660909,3396539
N06559,3795029,3592429
N11644,3927311,3851091
N01436,2898378,2913708
N04362,3057858,2936078
N08485,3630049,3728759
N03787,2554128,2553228
N08494,3354239,3476579
N08918,3667579,3709359
N06947,3739049,3413119
N02154,2635678,2522078
N02456,2797498,2378897
N14551,3968851,3956561
N10344,4080571,4082191
N09065,3798819,3634479
N03783,2638158,2419287
N00371,2666308,2468508
N02971,2715998,2646508
N03657,2767158,2592048
N02391,2481228,2808568
N03294,2580048,2579478
N05418,3561389,3389409
N07903,3762139,3732299
N00731,2818078,2576258
N06204,3802679,3534039
N01995,2781878,2781738
N02266,2762778,2749858
N14251,4377381,3932781
N15168,3980041,3980071
N00908,2638758,2579478
N16884,4040281,4040211
N09192,3389469,3426809
N06553,3792929,3793019
N15911,3955891,3851171
N03919,2468458,2468508
N16416,3960631,3960711
N11500,3966571,3966611
N06353,3594849,3595549
N01041,2648058,2592118
N08144,3471369,3471409
N00937,2643358,3278379
N03095,2512418,2660838
N15121,4068801,4069351
N04050,2787178,2695908
N01842,3060338,2960418
N05610,3425409,3386199
N04914,2481508,2918548
N10638,3160148,3014858
N09284,3758199,3758259
N01221,2411187,2646568
N16411,3960601,3960091
N07850,3298079,3365319
N01303,2892128,2891988
N01762,2851508,3064798
N07814,3506799,3508119
N00384,2587858,2588018
N10905,4102991,4104621
N06608,3485699,3812779
N14210,4155601,4156231
N05180,2848558,2997808
N06581,3729169,3729189
N16670,3861061,4032511
N14288,4176621,4014051
N09625,3767119,3793029
N00486,2630828,2629178
N06196,3533859,3450589
N05178,2990328,2997808
N14822,4139311,4139671
N15571,4010781,4036601
N06221,3411749,3426239
N01605,2944178,2941008
N01133,2622668,2622328
N12218,3927311,4436221
N06765,3562899,3599069
N01655,3162778,3162688
N15664,4012871,4013251
N11273,3997601,3995931
N05488,3488849,3666559
N14240,3979141,3979431
N15752,3943221,3943991
N00844,2557528,2642038
N00544,2779548,2779858
N04179,2785148,2662708
N06044,3600909,3607579
N07005,3362399,3362739
N02349,2109937,2787418
N00543,2752248,2509828
N08531,3547559,3592429
N09655,3647619,3234979
N14705,4313831,3988301
N16039,4088331,4142811
N07164,3399029,3362679
N00359,3119248,2970228
N01305,2892188,2988488
N02068,2751908,2509848
N14792,4145611,3836801
N05594,3636979,3440479
N03395,2510028,2320247
N07880,3359029,3365299
N11777,3955821,3836841
N11256,3836771,4013801
N14471,4251341,4251671
N09521,3938471,3940441
N04301,3064978,2932458
N01911,2505798,2506308
N14046,4379891,4153881
N00761,2542568,2542488
N00850,2593088,2587678
N15056,4191761,4041551
N16376,3956801,3957461
N14655,4179911,4056281
N16178,3766689,4082931
N04489,2908068,3014818
N11706,4516491,3836841
N08601,3393039,3393099
N04517,2782558,2774428
N06403,3462389,3669759
N09007,3487149,3367659
N07801,4452421,3463779
N03199,2796458,2587678
N16838,3938341,3940481
N05687,3759769,3769399
N16505,4063541,3927441
N04336,2630998,2778398
N02164,2635978,2720868
N02291,2752578,2548598
N00801,2481528,2918518
N00595,2679218,2682438
N03120,2690588,2134137
N02199,2563698,2913448
N09341,4269891,3545839
N05851,3762059,3762269
N14319,3981821,4349751
N06391,3817581,3798119
N16513,3967211,3966291
N02167,2566128,2802818
N09334,3703279,3777169
N14748,4032381,4016451
N01583,2935208,2935938
N14664,4181241,4032601
N04638,2907188,3183459
N14209,4155591,4156261
N07905,3463679,3732319
N09516,3938461,3940431
N11249,3836771,3897201
N00889,2787508,2784808
N08528,3301649,3301889
N03621,2641908,2642038
N16142,4161811,4164831
N04659,3002378,3000598
N01960,2571778,2512468
N00119,2882258,2913098
N15472,4085901,4167141
N09640,3775999,3776209
N09837,3247969,3231579
N16165,3930101,3930041
N07770,3555039,3755739
N01608,3216869,3273019
N14937,4170401,3940481
N10416,3926251,3706629
N06969,3395429,3395449
N06979,3394759,3370049
N03946,2528598,2528508
N04076,2511898,2113317
N16701,3947931,3947461
N00378,2468558,2468498
N15638,4251401,4013991
N08615,3701469,3709539
N10713,4367201,4366961
N02354,2750558,2723988
N11055,4002911,3925851
N02079,2818208,2686088
N00150,2882228,2724028
N01387,2903718,3243979
N16401,3951121,3951431
N08760,3417559,3578799
N11240,4083911,3953471
N08476,3727249,3345839
N01390,3043118,3042958
N06086,3413479,3341199
N06090,3340779,3341089
N09849,3077738,3165249
N05650,3691789,3367679
N14133,4297971,4298151
N09764,3217989,3149628
N14403,4170881,4359951
N02699,2495298,2748698
N02458,2797588,2828058
N06666,3379619,3689549
N15864,4194641,3970301
N02962,2617458,2707658
N08318,3369909,3370099
N00677,2762548,2507538
N15061,4192191,4169981
N03245,2566348,2463448
N08710,3367729,3367659
N00067,2401147,2079187
N15284,4027561,4056221
N14628,4312161,4311441
N00098,2643548,2815998
N00987,2811898,2729318
N06668,3379729,3378149
N03183,2563538,2724018
N06732,3757059,3365239
N14570,4204641,4205571
N01470,2916598,2951078
N04813,2897348,2911538
N10614,4103451,4104291
N11738,4481811,3836821
N06472,3783229,3783249
N03178,2794088,2793908
N01050,2780608,2778948
N14900,3962971,4464861
N08598,3392719,3365269
N00288,2490628,2493048
N05573,3432379,3637779
N00998,2461948,2460868
N05932,3339439,3498119
N01270,2509918,2519968
N05719,3471379,3640509
N07245,3720969,3433129
N16217,3994771,3994931
N14793,4094241,4939651
N02860,2509928,2762588
N16626,3956431,3956481
N00909,2958008,2779858
N03604,2582238,2579488
N00331,2791698,2453288
N14001,4647441,4605891
N00513,2503088,3029428
N07033,3375689,3377979
N01777,2915218,2915318
N00233,2824318,2515158
N00680,2507308,2522078
N09623,3836791,3763719
N02869,2637258,2419277
N00663,2922418,2919628
N16004,3765809,4005621
N14911,3972431,3961941
N04962,2907318,2492928
N07319,3591129,3486879
N14058,4358321,4382251
N00679,2507478,2507538
N01582,2935138,2935938
N14117,4162481,4170041
N14765,4098571,4073931
N01366,3176559,3019468
N06077,3340779,3340869
N03717,2553848,2553868
N09246,3798819,3555159
N15243,4099191,4104281
N02165,2762728,2749838
N04864,2911918,2643938
N03353,2515738,2818938
N14590,4068951,4069211
N01032,2667418,2667438
N03227,2401157,2079197
N00430,2484298,2484318
N14560,3952181,3952281
N14802,4124861,4093481
N08728,3770259,4001071
N08585,3393059,3393089
N00536,2823958,2903268
N08205,3584119,3377979
N07505,3471229,3393069
N14652,4179891,4183941
N01761,2851438,3119268
N01083,2429328,2579478
N14495,4356561,3953471
N10468,3938461,3978741
N09760,3219479,2944278
N04011,2783598,2784968
N06720,3298109,3362669
N01774,2915268,2915318
N07440,3457859,3463029
N01352,2901348,2913468
N07690,3432379,3682089
N07820,3507739,3507959
N03577,2500678,2500528
N16931,4376661,4376781
N01354,3092228,2901108
N00568,2748518,2500958
N01706,3021858,3023848
N09663,3817531,3816219
N16628,4251401,3957621
N06406,3389479,3670029
N00930,2762748,2882098
N16868,4251541,4251661
N07457,3744489,3463029
N05986,3498929,3259469
N02439,2820578,2820518
N15466,4524081,4251671
N14502,4247221,3976221
N15482,3822591,3822671
N02967,2646258,2646458
N14000,4606301,4605951
N04784,2884528,2884368
N05483,3431669,3568749
N10661,3051658,3051878
N15754,3942511,3952961
N07322,3530799,3486879
N14242,4195751,4314901
N15938,4181301,3955321
N02337,2635668,2605758
N02873,2815898,2537338
N06119,3787829,3786869
N01947,2491218,2749828
N16807,3960551,4376551
N06352,3595019,3595579
N01057,2957588,2723988
N14841,3927531,3926091
N06017,3486049,3393109
N12910,3957001,3958011
N07159,3398949,3399279
N15535,4065731,3975581
N09186,3393999,3440469
N03303,2587298,2588008
N06653,3582259,3379859
N05949,3485529,3486549
N14134,4297931,4297461
N16469,4146901,3976201
N02593,2771578,3077538
N10595,4162031,4164661
N09737,3153008,3253579
N00441,2721528,2777498
N05699,3707829,3707869
N06018,3488849,3440469
N08098,3678649,3755639
N10811,4103451,4096181
N00158,2690508,2833128
N02416,2720498,2720868
N07145,3406769,3406989
N09195,3598999,3426839
N14400,4359991,4359811
N01816,3203359,2946148
N16880,3884411,3719459
N01058,2824398,2765478
N06946,3739039,3384879
N00621,2572618,2576248
N14388,4165511,4165121
N14098,4395971,4065901
N16806,3960941,4418541
N01159,2744818,2748108
N00823,2551758,2642568
N08532,3547609,3592429
N09785,3205249,3177459
N15623,4084551,3953131
N09794,3217989,3192449
N14866,4210171,4066621
N01128,2563558,2667438
N01322,2921918,3023698
N00671,2463508,2516178
N01183,2476978,2476828
N00175,2783808,2756868
N15225,4182701,4185191
N00683,2713338,2829768
N04951,2993698,3001158
N04700,2949818,2950348
N05083,2643548,2771458
N03372,2568798,2605758
N00530,2810908,2825778
N15024,4120851,4177691
N16000,4014281,4005701
N14321,4012881,4032411
N02767,2507318,2546988
N00279,2666238,2493028
N03358,2644518,2492928
N16132,3846371,4185421
N08541,3715219,3258779
N16185,4205231,4205021
N03083,2714568,2756458
N08238,3728909,3728759
N02585,2713368,2630208
N00509,2808148,2503928
N04539,2809858,2936078
N07802,3463679,3378019
N06379,3436159,3451569
N06219,3598989,3426209
N03659,2470308,2475118
N16466,3930441,3920591
N14187,3961591,3920591
N15004,4118751,3870791
N06128,3788849,3782219
N04596,2865548,3014808
N01286,3301289,3301219
N09050,3461879,3413119
N14090,4303251,4137241
N14697,4313491,4314901
N00895,2566298,2565238
N07726,3793499,3756839
N06661,3379469,3353229
N16259,4371141,4371271
N04102,2811858,2811568
N04807,2643168,2820528
N02888,2771548,2771368
N00485,2630658,2628908
N01986,2750248,2500958
N05476,3824241,3689549
N07051,3768309,3767799
N00447,2941648,2942128
N16422,3960701,3960731
N03948,2630668,2816568
N15665,3859181,4032601
N05963,3484249,3259469
N00628,2899058,2899208
N16893,3933261,3933021
N00477,2632498,2692798
N14149,4300681,4310531
N09756,3213929,3004228
N09328,3785669,3630029
N07035,3375859,3767799
N00239,2911898,2666348
N00574,2500358,2546988
N14808,4002361,4009991
N06324,3433169,3621949
N07679,2907178,3353399
N04983,2918298,3077538
N09434,4000881,4000341
N01807,3249099,2946638
N05853,3782359,3801299
N08070,3790769,3801289
N11707,4516501,3976011
N07920,3353039,3353209
N14139,4297971,4298171
N14741,4177581,4013951
N15203,3817209,3817019
N01765,3065628,3064788
N07230,3551819,3736519
N05965,3484309,3471409
N04567,3043118,2911568
N14788,4145641,4128191
N01012,2865148,2865188
N05936,3506399,3515639
N01130,2605098,2605068
N05260,3689269,3689539
N14236,4195851,3979411
N00798,2481728,2481638
N00314,2745308,2491128
N09292,3758139,3758259
N01086,2429828,2527368
N02409,2824288,2515158
N07163,3398989,3362739
N11854,4330421,4477731
N00828,2523228,2523938
N11458,3765809,4014031
N08429,3389469,3389379
N08647,3703279,3703049
N05203,2929558,3539879
N16262,4002351,4001231
N01516,2907968,2908268
N05930,3485539,3486869
N03534,2502458,2494148
N08665,3732339,3378009
N14573,3949271,3953481
N00819,2776368,2794078
N09731,3201909,3056608
N16075,4006421,4035761
N02924,2794358,2793218
N07785,3535579,3350539
N06617,3479479,3796399
N10906,4744881,4105121
N15101,4151111,4151121
N15717,4071791,4072481
N01265,2769958,2752008
N09194,3598979,3426829
N07158,3398959,3399259
N05364,3784319,3784809
N16485,3870251,4000331
N16930,4376691,4376821
N05581,3637049,3440479
N09727,3196669,3065578
N06551,3792909,3793019
N01623,3046928,3184029
N09291,3758119,3758259
N06834,3769379,3486619
N01682,3026058,3044778
N10394,3765879,3925811
N03118,2690608,2134137
N00192,2552638,2707768
N15625,3953171,3953181
N09149,3430249,3430339
N07045,3375899,3377979
N14322,4016761,4032561
N15555,3989031,3988891
N15021,4116631,4436221
N05646,3416019,3367659
N16920,3957371,3957911
N06282,3407419,3599069
N01004,2646238,2565628
N15076,4005221,4014351
N14245,4377441,4377311
N05587,3386669,3440479
N00443,2721508,2777498
N08202,3583939,3377979
N00138,2753838,2753358
N00269,2488738,2748768
N15119,4068851,4069351
N16438,3869141,3940481
N00372,2776808,2468548
N06435,3411759,2936078
N00439,2779458,2779618
N03154,2557058,2630518
N06609,3485699,3812799
N09819,3161828,3182659
N04451,2901248,2643938
N07748,3497839,3462269
N00405,2777458,2775348
N07360,3599579,3486389
N16127,3953401,3953431
N16395,3951251,3951431
N00856,2585788,2587678
N10604,4016661,4032391
N06613,3485699,3812929
N14345,4417041,4417051
N00436,2522288,2522088
N15350,4103011,4016631
N05416,3562399,3562419
N04590,3064238,3002868
N06920,3427169,3384679
N04536,2903738,2958878
N09686,3091318,3513419
N07883,3364229,3365239
N00606,2816198,2646458
N15863,4194761,4016631
N16070,4006361,4006441
N00149,2913598,2724018
N08613,3392929,3393189
N15596,4059551,4149691
N09003,3701359,3696969
N03920,2480458,2468398
N02822,2776488,2776448
N16377,3956551,3957621
N04565,2911808,3119268
N00991,2769948,2770098
N14505,4258001,4248221
N00282,2801768,2493068
N15213,3816889,3817249
N06674,3660189,3430339
N14120,4103781,4358831
N14509,4247251,4366681
N16284,3926071,3925511
N01355,2901328,2959938
N08434,3388929,3387439
N14599,4062141,4073321
N03745,2568748,2842268
N08408,3436209,3488359
N07971,3750769,3754169
N00588,2765558,2765648
N02614,2647418,2646508
N02571,2580118,2578028
N05268,3689369,2936088
N07720,3448349,3449019
N05478,3821971,3593139
N00103,2810858,2596288
N09294,3485699,3850001
N14924,4320761,4320851
N15137,3836771,4066001
N00538,2491258,2564778
N05611,3425429,3386199
N00863,2780688,2776528
N03142,2512428,2697708
N01124,2520048,2708838
N15961,3961351,3978671
N08241,3728799,3384889
N01883,2776078,2793908
N06056,3476479,3389409
N01220,2883378,2508398
N01211,2490328,2490378
N08811,3450569,3450799
N14111,4358321,4358851
N08213,3584599,2936088
N08920,3667779,3544299
N14540,3981771,4315031
N11724,4349291,3969891
N06422,3410029,3463029
N00565,2617458,2617518
N08197,3584309,2936078
N04013,2625608,2553218
N00859,2774358,2774428
N02212,2775678,2775828
N09743,3272119,3206039
N09183,3899131,3899141
N05448,3251699,3419009
N00495,2542028,2546988
N01145,2875478,2417377
N00398,2636878,2636168
N00084,2752258,2519968
N01250,2538628,2538158
N09202,3597919,3427299
N08500,3301459,3301889
N00261,2904138,2749808
N15976,4032141,3861581
N03637,2751978,2519968
N15141,4065541,4066001
N09652,3338479,3338349
N08715,3182269,3340799
N00224,2705048,2708478
N14298,4176671,4176551
N01909,2500028,2513508
N15117,4068611,4069351
N14600,4062151,4169321
N03639,2571288,2563588
N06697,3757099,3757259
N06890,3373149,3372539
N15102,4182201,4151071
N00861,2585838,2587678
N08290,3812599,3782949
N05590,3433069,3432959
N15029,4162011,4164831
N05138,2747268,2790468
N09835,3169759,3169979
N05712,3411389,3639769
N01478,2841048,3513349
N02611,2647398,2646508
N05723,3485719,3640549
N06833,3692259,3259469
N02743,2600398,2579478
N06264,3339939,3415079
N14508,4247131,4149431
N00553,2721448,2777508
N14346,4417231,4016601
N01555,2924068,2936088
N01033,2832288,2831808
N05291,2938968,3236649
N06202,3583929,3802699
N08203,3583949,3377979
N00848,3257209,2790278
N01974,2774418,2587678
N08609,3392779,3426309
N01809,3102638,3090458
N00422,2795318,3184999
N03065,2744738,2605708
N05692,3711009,3621949
N07131,3406369,3406989
N00390,2552908,2639448
N00089,2478228,2478128
N16724,3846461,3846091
N04024,2563638,2562708
N00611,2785398,2553868
N16161,4010341,3836801
N16133,3846391,3846121
N01009,2516008,2516028
N00573,2500038,2605758
N14684,4245531,4245741
N06409,3389469,3673019
N06960,3494229,3729419
N08979,3458369,3458509
N11680,4151601,4337331
N07201,3369399,3476579
