bottom,shoes
1698583,"[2334957, 2333197, 2333177]"
1994943,[2333167]
2084497,[2436648]
2113317,"[2584618, 2487428, 2494038]"
2127217,[2132287]
2127387,[2531508]
2127487,[2379217]
2134137,"[2689908, 2562288]"
2134157,[1825203]
2134727,[2770768]
2135007,[2472098]
2135167,"[2575958, 2536188]"
2145217,"[2145277, 2505188]"
2217317,[2787768]
2263267,[2263647]
2275607,[2957758]
2284097,[2531348]
2320247,"[2545218, 2850758, 2544928, 2545048]"
2332997,"[2333207, 2333167, 2750858, 2750868]"
2335357,"[2764958, 2682688, 2747058, 3053008, 2747078, 2780918]"
2343497,[2424368]
2343567,[2713728]
2378597,[2804758]
2378897,"[2698628, 2779008]"
2380657,"[2804758, 2803618]"
2401077,"[2574328, 2814328]"
2417377,"[2515528, 2515518, 2526618]"
2419277,"[2551388, 2551178, 2512008]"
2419287,"[2759768, 2551008]"
2419297,[2747918]
2428408,"[2597938, 2433278, 2713728, 2888088, 2597898]"
2429398,[2436648]
2453188,"[2453738, 2453718]"
2453198,[2453678]
2453218,[2453678]
2453238,[2453708]
2453248,[2453688]
2453268,[2453708]
2453278,[2453968]
2453288,[2453968]
2453298,[2453828]
2453308,"[2584318, 2464758, 2453768, 2453758, 2453718, 2574598, 2453738, 2453788, 2453808, 2641758, 2523428]"
2453318,"[2575188, 2453738]"
2453418,[2453808]
2454648,"[2781148, 2453798]"
2460868,"[2424418, 2424288]"
2460908,[2460468]
2462058,[2814328]
2462188,[2424288]
2463448,"[2567658, 2433278]"
2463548,[2510718]
2463958,[2428348]
2468398,[2575018]
2468498,"[2468488, 2820078, 2788448]"
2468508,"[2677558, 2468478]"
2468548,[2803588]
2471008,"[2814328, 2929738, 2814288]"
2471018,"[2814298, 2471838, 2471978, 2471948]"
2471028,"[2471778, 2472118]"
2475118,"[2472348, 2471588, 2471378, 2471948]"
2475918,[2476628]
2475938,"[2476638, 2905408, 2476578, 2476558, 2476678, 2476648, 2773438, 2773448]"
2476748,"[2575608, 2834948, 2509708, 2899768, 2803688, 2485548, 2899758, 2905588, 2485588]"
2476788,"[2957778, 2477988]"
2476838,"[2477988, 2860928]"
2476938,[2477348]
2476988,[2803698]
2477018,"[2477448, 2477268]"
2478128,[2478958]
2478168,[2698628]
2480518,[2526668]
2480608,[2486448]
2481598,"[2486608, 2580198, 2803538]"
2481638,"[2486348, 2487278]"
2484388,[2485258]
2487038,[2718928]
2487048,[2642828]
2487058,[2498008]
2487068,"[2536188, 2782048, 2789178, 2326987, 2514138, 2493728, 2485318]"
2487078,[2485678]
2488238,"[2436668, 2376387]"
2489938,"[2796708, 2485698]"
2490028,[2485698]
2490068,[2747918]
2490368,"[2512918, 2485638, 2512778]"
2490378,"[2486668, 2510848, 2486708, 2486698, 2575568]"
2491128,"[2514138, 2436668]"
2491428,[2436648]
2491828,[2575568]
2491918,"[2820048, 2496678]"
2492088,[2514138]
2492928,"[2821248, 2512238, 2889398, 2494018, 2551308, 2493958, 2905568, 2905678]"
2492938,"[2666608, 2659038]"
2492958,"[2908688, 2436668, 2537938, 2931128, 2493868, 2510868]"
2492998,[2510778]
2493008,[2493978]
2493028,[2510798]
2493048,"[2514408, 2805628, 2418487, 2689078, 2493948]"
2493058,"[2493878, 2666498]"
2493068,[2682688]
2493078,[2494028]
2493488,[2344047]
2493928,[2605438]
2494148,[2498008]
2494168,[2498008]
2494218,[2433508]
2494818,"[2878188, 2496858, 2878198, 3208429, 2894228]"
2494828,[2718948]
2495188,[2436668]
2495358,[2634848]
2497198,[2485708]
2500138,"[2512738, 2519638]"
2500208,[2519638]
2500528,[2654838]
2500538,[2654838]
2500548,[2654358]
2500958,"[2584528, 2424378, 2512658, 2659168, 2766088]"
2502358,[2419347]
2503848,"[2584538, 2152747, 2424368]"
2503898,"[2802558, 2584258, 2461648]"
2503908,[2514588]
2503928,"[2512938, 2472028, 2512738, 2514588, 2512918]"
2504008,[2512738]
2505578,[2506938]
2506308,[2506928]
2506318,[2506898]
2508398,[2878978]
2508828,[2517788]
2509828,"[2527868, 2471838, 2486668, 2472098, 2509698]"
2509848,"[2750498, 2605108, 2509668]"
2510588,[2494018]
2511028,[2551278]
2511078,"[2820148, 2584368]"
2511878,"[2519658, 2517788]"
2512438,[2718868]
2512448,"[2758368, 2533148, 2749498, 2773728, 2773708, 2747938]"
2512468,[2747168]
2513068,[2574598]
2513088,"[2574598, 2584318]"
2513208,"[2519628, 2787678, 2486748, 2784158]"
2513248,"[2523208, 2523618, 2625078, 2524208]"
2513318,[2654438]
2513508,"[2551468, 2519648, 2591688, 2513458]"
2515148,"[2487428, 2589218, 2643748, 2506938]"
2515158,"[2574218, 2821248]"
2515418,[2594858]
2515468,[2819108]
2516178,[2923908]
2517598,[2428288]
2517628,"[2520728, 2821248, 2472028]"
2518328,[2929788]
2518578,[2430468]
2518598,[2520138]
2518608,[2902948]
2519968,"[2746368, 2619188, 2471778, 2805788, 2750478, 2436648, 2801008, 2597658, 2472098, 2320447, 2509708]"
2521938,[2430408]
2522078,"[2526728, 2321797, 2513918, 2424378]"
2522088,[2496838]
2522388,[2433278]
2523658,[2786058]
2523668,"[2655738, 2526728, 2526648]"
2523938,"[2689818, 2814288, 2689898]"
2524558,[2493918]
2524648,"[2488428, 2919088, 2913688, 2424378, 2214697, 2551038]"
2527278,[2528198]
2527368,"[2528188, 2436518, 2528178]"
2527398,[2528188]
2527428,"[2544968, 2528228]"
2528508,"[2544998, 2551038, 2605458]"
2530178,[2625548]
2531218,"[2745828, 2435098, 2487458]"
2534108,[2544998]
2534968,[2510798]
2535088,[2692128]
2535238,"[2519638, 2494018, 2510778, 2761118]"
2535278,[2759898]
2535298,"[2761098, 2718828]"
2535988,[2563868]
2536768,[2536548]
2537338,"[2666608, 2820078, 2526738]"
2537368,"[2691638, 2494028]"
2538038,"[2536218, 2536188, 2536208, 2557348]"
2538158,[2954918]
2538168,"[2954858, 2689578]"
2538358,"[2641758, 2814328, 2688948, 2829308, 2689548, 2574598]"
2538458,[2461638]
2538498,"[2689508, 2689578]"
2538748,[2954888]
2542228,"[2379167, 2531268]"
2542248,[2531768]
2542348,"[2804758, 2551488, 2419327, 2531418, 2546908, 2419437, 2524248]"
2542368,[2532558]
2542458,[2625548]
2542468,[2531228]
2542478,"[2531228, 2531758, 2804828, 2804848, 2460568]"
2542488,[2531768]
2542518,[2531598]
2542558,"[2531558, 2804768, 2531588, 2804808, 2818718, 2804798, 2825398, 2531318, 2531658]"
2544728,"[2551278, 2545148]"
2544778,[2572988]
2544798,"[2545338, 2728008, 2551388, 2711088]"
2544818,[2584258]
2546098,[2472098]
2546128,[2625388]
2546958,[2344137]
2546988,"[2520728, 2614278, 2514008, 2584258]"
2547098,[2551058]
2547168,[2513918]
2548108,"[2804818, 2531378, 2580188]"
2548178,[2804778]
2548388,"[2689138, 2436648, 2779008, 2435098, 2485698]"
2548398,[2435098]
2548438,"[2627348, 2435098]"
2548458,"[2435098, 2786698]"
2548598,"[2551278, 2827898]"
2548708,"[2750498, 2551398]"
2549398,"[2764098, 2550668]"
2549408,[2763948]
2549468,[2551068]
2550158,[2510848]
2550168,[2510848]
2551808,"[2661718, 2551498]"
2553198,"[2562168, 2792858]"
2553208,"[2575608, 2574598, 2574188, 2589688, 2573038]"
2553228,"[2574628, 2574228, 2510718, 2562368, 2464768, 2471818, 2464738]"
2553238,"[2149797, 2575968, 2575628, 2574598, 2471818, 2575938, 2575958, 2562288]"
2553278,"[2575568, 2575938]"
2553288,"[2575908, 2575958, 2793068]"
2553508,[2574218]
2553568,[2528228]
2553868,"[2418477, 2591688, 2708218, 2708208, 2580188]"
2553888,"[2580198, 2632878]"
2555288,[2551578]
2555298,"[2551578, 2551288]"
2555308,[2682688]
2555318,[2551498]
2555328,[2682688]
2555368,[2551578]
2555868,"[2472098, 2551598]"
2556808,[2689678]
2556818,[2537858]
2557178,[2641758]
2559778,[2725968]
2559788,"[2436648, 2696038]"
2559848,[2436488]
2561798,"[2436648, 2632878, 2611408]"
2562608,[2584258]
2562708,"[2584618, 2505168, 2584368, 2496998]"
2562718,[2514388]
2563368,[2584358]
2563378,[2584358]
2563398,"[2519638, 2584258]"
2563578,[2954888]
2563588,"[2584368, 2551178]"
2563768,[2666628]
2564478,"[2524288, 2526728]"
2564518,"[2747188, 2794518, 2598158]"
2564538,[2597898]
2564698,"[2453738, 2471818]"
2564778,[2472428]
2565018,[2584368]
2565198,[2606918]
2565208,[2584318]
2565238,[2607018]
2565248,"[2606928, 2643748]"
2565258,"[2584258, 2584538]"
2565298,[2643748]
2565318,"[2584258, 2460428]"
2565328,[2584388]
2565468,[2607018]
2565628,"[2436668, 2472098, 2653618]"
2566868,[2435098]
2567548,[2537938]
2569008,[2490428]
2569018,"[2820078, 2747228]"
2569858,[2584258]
2569948,[2584538]
2570048,[2584238]
2570368,"[2718768, 2589218, 2618898]"
2571838,[2584368]
2576248,"[2583518, 2712498, 2580188, 2505188, 2505168]"
2576258,"[2505168, 2596838, 2682688]"
2576488,"[2663408, 2583518, 2524378, 2619148, 2712368]"
2576508,[2583518]
2576528,"[2705598, 2721488, 2583518, 2344117]"
2578028,"[2598028, 2598198]"
2578218,"[2597948, 2598028]"
2578478,[2611388]
2578778,[2575238]
2578788,"[2708218, 2332487, 2436648, 2344047]"
2578878,"[2524438, 2524448, 2524458, 2745188, 2524468]"
2579268,[2692328]
2579378,[2713758]
2579388,[2430428]
2579398,[2713738]
2579408,[2428328]
2579478,"[2684808, 2472098, 2575188, 2332487, 2510778, 2436648, 2584368, 2430468, 2654438, 2713738]"
2579488,"[2531408, 2575238]"
2579648,[2344047]
2581628,[2698628]
2582428,[2597828]
2582448,[2598048]
2582468,[2597988]
2582508,"[2597658, 2598098, 2597728, 2333647]"
2582568,"[2597938, 2524378]"
2582988,[2332487]
2582998,[2472098]
2583018,[2682688]
2583068,"[2575188, 2575268]"
2587598,"[2591178, 2611408]"
2587678,"[2590128, 2590178, 2744998, 2591558, 2938508, 2490428, 2843098, 2814328, 2591178]"
2587808,[2786698]
2588008,"[2600248, 2689668, 2524378, 2574628, 2523098, 2523268, 2523168]"
2588018,"[2149747, 2712978, 2689668, 2698668]"
2588028,[2511678]
2588038,[2511678]
2588048,"[2689668, 2599988]"
2592048,"[2523448, 2663238, 2510848]"
2592058,[2804398]
2592108,"[2551178, 2523428, 2468428, 2551008, 2551278]"
2592118,[2725968]
2594078,"[2747218, 2556698, 2551478, 2524398, 2787738]"
2594278,"[2827178, 2527758, 2496858, 2827198, 2826838, 2827148]"
2594588,[2954888]
2596278,"[2545088, 2545298, 2820148]"
2596288,"[2591688, 2690108]"
2596328,"[2731328, 2731338, 2654438, 2551448, 2520738, 2820048, 2584618, 2747108, 2688958, 2584368]"
2598588,"[2712368, 2690238]"
2598788,[2332487]
2600898,[2344047]
2604258,[2719088]
2605068,"[2544988, 2719148]"
2605158,[2550758]
2605708,"[2698668, 2471838, 2605118, 2718868, 2751588, 2751578, 2678238, 2751568, 2663208]"
2605758,"[2526788, 2545348, 2510778, 2538918, 2860708, 2496998, 2515728, 2643748, 2436608, 2689908, 2805758, 2749208, 2736598, 2471948, 2430468, 2485168, 2526648, 2321797, 2584538]"
2608158,[2471838]
2608188,[2487498]
2609518,[2597818]
2610958,[2214697]
2611908,[2510778]
2613668,"[2584258, 2584608]"
2613718,"[2584368, 2584258]"
2613878,"[2453808, 2787748]"
2613908,[2453678]
2616478,[2453738]
2617518,[2787778]
2617528,[2510798]
2617698,[2511668]
2619248,"[2468428, 2428348]"
2621648,[2453688]
2621678,[2453828]
2621868,[2661718]
2621898,[2661718]
2622308,[2688358]
2622458,[2688358]
2623458,"[2664108, 2494038, 2513888, 2663438, 2731328, 2663938]"
2623638,"[2514368, 2725968, 2839648, 2551458]"
2628908,"[2519638, 2689388, 2690258]"
2628918,[2718848]
2629158,"[2551168, 2574998]"
2629178,"[2575958, 2712978]"
2630208,"[2860928, 2640248, 2731318, 2734228]"
2630518,"[2661718, 2643758]"
2630528,[2627668]
2630618,[2453828]
2630698,[2627668]
2631328,"[2663408, 3291989, 2860918]"
2631758,"[2627238, 2627688]"
2632408,[2792128]
2633508,[2747468]
2633578,[2505158]
2633588,[2590218]
2634468,[2661718]
2636168,[2640148]
2636258,[2747918]
2636328,[2488428]
2636468,[2436648]
2636788,"[2745238, 2551388, 2559948, 2745128, 2745218]"
2639098,"[2488428, 2551278]"
2639248,[2436648]
2639428,"[2559958, 2515728]"
2639448,"[2640168, 2788048, 2640058, 2793058, 2736628, 2857858, 2515788, 2788058, 2515728]"
2642038,"[2551448, 2641758, 2472028]"
2642568,"[2509668, 2527538, 2544988, 2510868, 2715058, 2521298, 2584268, 2515728]"
2642618,[2611408]
2643928,[2657598]
2643938,"[2657578, 2885378, 2908498, 2567648, 2666608, 2908708]"
2643958,"[2493888, 2537838]"
2644588,[2689398]
2645728,"[2766128, 2551288]"
2645738,"[2766128, 2551058]"
2646418,"[2642828, 2653618]"
2646458,"[2642828, 2627348]"
2646488,"[2642828, 2472098]"
2646508,[2472098]
2646548,[2506938]
2646568,"[2611388, 2524318]"
2652268,[2494018]
2652288,[2666628]
2659358,[2490418]
2660838,[2594858]
2662708,"[2689118, 2712368, 2731318, 2689208, 2902638]"
2662748,[2531588]
2666348,"[2513858, 2560208, 2515788, 2954888, 2908558, 2705578, 2418487, 2485078, 2666518]"
2667438,"[2682688, 2541448, 2712368]"
2670318,"[2493868, 2537898, 2500968]"
2671118,[2149747]
2671138,[2149747]
2672228,"[2605118, 2551498]"
2672438,[2436668]
2673768,[2344047]
2676888,[2433308]
2686068,[2643748]
2686088,[2524378]
2686688,[2688938]
2686988,[2526788]
2686998,[2515788]
2689848,"[2689208, 2689068, 2320437, 2436668]"
2689878,"[2320447, 2320437]"
2690468,"[2477988, 2477358, 2477328]"
2692798,[2746368]
2695908,[2526728]
2695918,[2476628]
2697708,"[2526648, 2526668]"
2704878,[2708218]
2705068,[2708208]
2706148,[2708118]
2707558,"[2821248, 2678238, 2551178, 2575018]"
2707578,[2805628]
2707768,"[2472098, 2562428, 2490448, 2605448, 2731338, 2643758, 2550998, 2719148, 2614528]"
2707878,[2505188]
2707898,"[2591688, 2971608]"
2708478,"[2689118, 2708208]"
2709328,"[2605118, 2672478]"
2712488,[2428348]
2714108,[2663238]
2718038,[2808028]
2720858,[2625548]
2720868,"[2551388, 2488428, 2719088, 2551038, 2472348]"
2721458,[2721488]
2723978,[2428308]
2723988,"[2725968, 2659778, 2747468, 2659768, 2435098, 2860628, 2659788, 2485698]"
2724008,[2424568]
2724018,"[2526668, 2772898]"
2724028,"[2772848, 2745108]"
2724068,[2526668]
2724078,[2526738]
2724088,"[2770738, 2526728, 2659768, 2428248, 2684868]"
2727388,"[2634178, 2770758, 2537888, 2913688, 2642138, 2642218, 2904178, 2635018]"
2729318,[2827918]
2730988,"[2781128, 3291989]"
2738488,[2523428]
2739408,[2713738]
2743198,[2496798]
2743258,[2575618]
2745278,[2654358]
2745398,[2152747]
2746018,"[2654258, 2745818]"
2746478,"[2922548, 2611388]"
2746858,[2596848]
2747708,[2779878]
2747738,[2747638]
2747998,"[2641748, 2490438, 2666628]"
2748008,"[2512238, 2562478]"
2748078,[2428208]
2748088,[2850758]
2748108,"[2515728, 2731338]"
2748288,[2596848]
2748358,[2611408]
2748698,[2485678]
2748728,[2551378]
2748768,[2485678]
2748778,[2436648]
2748958,"[2814328, 2747168, 2801008]"
2749808,"[2485698, 2485768]"
2749818,[2485698]
2749828,[2485698]
2749838,"[2485698, 2485318, 2749748, 2959348]"
2749858,[2485318]
2749868,[2485318]
2749898,[2485698]
2750178,"[2749708, 2779008]"
2750188,[2562478]
2750308,[2747388]
2750918,"[2752418, 2803588, 2433308]"
2752008,"[2829308, 2509668, 2803608]"
2752398,"[3695339, 2750848]"
2752518,"[2760328, 2490438]"
2753298,[2551498]
2753318,[2551398]
2753358,[2878358]
2753408,[2589218]
2753428,[2589218]
2753498,[2792958]
2753508,[2428248]
2753518,[2428248]
2753588,[2684838]
2753598,[2577478]
2753728,"[2878318, 2521298]"
2753808,[2436648]
2754038,[2453688]
2754048,[2666608]
2754248,[2754798]
2754258,[2436648]
2754428,[2436648]
2755138,[2689968]
2755228,[2688358]
2755238,"[2589218, 2899598, 2899578]"
2755298,[2779808]
2755308,"[2551038, 2918618]"
2755658,[2747168]
2755728,[2513918]
2755948,"[2721488, 2860718, 2659788, 2659708, 2747918, 2418487]"
2755958,"[2559958, 2596848, 2780918]"
2755998,[2436648]
2756008,[2752418]
2756458,"[2731318, 2731338, 2692328]"
2756708,"[2772838, 2659768, 2436368, 2772948, 2772908]"
2756868,[2643748]
2757198,[2705578]
2757208,[2760438]
2757538,[2643758]
2758088,[2666608]
2758118,[2755638]
2758178,[2666608]
2761018,"[2747918, 2747338]"
2761028,"[2760328, 2760338, 1695583]"
2762358,[2625548]
2762368,[2521298]
2762378,[2575018]
2762588,[2511998]
2762618,[2747918]
2762628,[2436648]
2762638,[2526648]
2762648,[2513918]
2762658,[2747468]
2764388,[2764958]
2764898,[2764968]
2764908,[2764968]
2764918,[2913688]
2765028,[2755348]
2765418,[2731318]
2765438,"[2772968, 2772808]"
2765468,[2731168]
2765478,"[2551388, 2725978]"
2765488,"[2772988, 2772928]"
2765498,"[2772728, 2772798]"
2765508,[2589218]
2765518,[2772958]
2765618,[2760338]
2765628,[2731328]
2765648,[2512248]
2765898,[2760378]
2765988,[2515788]
2768458,[2550658]
2768678,[2902778]
2770098,[2954858]
2771268,[2742798]
2771368,"[2490428, 2784928, 2591688]"
2771378,[2643748]
2771458,[2771708]
2772718,[2590488]
2773378,[2773458]
2774098,[2712978]
2774308,[2590178]
2774428,"[2746368, 2591558]"
2775338,"[2801008, 2775588]"
2775348,[2775598]
2775488,[2775588]
2775528,"[2731328, 2559958]"
2775668,[2775598]
2775758,[2800928]
2775828,"[2725988, 2688358]"
2775838,[2731228]
2776028,[2747468]
2776038,[2784898]
2776288,[2712368]
2776408,[2731328]
2776418,[2435098]
2776528,[2590218]
2776818,[2551388]
2777238,"[2778028, 2688958]"
2777248,[2778008]
2777318,"[2821388, 2731328]"
2777328,[2778018]
2777498,"[2778018, 2731228]"
2777508,"[2778008, 2509668, 2551448, 2721478]"
2777538,[2778008]
2777728,[2902598]
2778388,"[2775588, 2828408]"
2778398,"[2778028, 2436648]"
2778508,"[2523428, 2821248]"
2778948,[2749208]
2779618,"[2778918, 2524378]"
2779758,[2814328]
2779858,"[2472118, 2781118]"
2779948,[2698628]
2779958,"[2698628, 2485318]"
2780018,[2712978]
2780028,[2779008]
2780148,[2698628]
2780278,"[2779008, 2597938, 2814328]"
2780838,[2779928]
2780948,"[2584258, 2574218]"
2781068,[2584368]
2781238,[2804908]
2781278,[2758378]
2781478,[2779918]
2781518,[2779878]
2781538,[2606928]
2781738,[2760488]
2781968,[2779978]
2782698,[2721478]
2783008,"[2731098, 2596688, 2823348, 2688948]"
2783448,[2784928]
2783508,"[2803528, 2584368]"
2784218,[2787748]
2784228,[2787678]
2784238,[2625078]
2784808,"[2922488, 2905578, 2787778, 2519638]"
2784968,[2490428]
2785278,[2545348]
2785298,"[2712298, 2718868]"
2786128,[2786638]
2786158,[2659788]
2786168,[2653618]
2786198,[2597988]
2786368,[2786698]
2786378,[2453678]
2787048,[2712298]
2787398,[2787748]
2787418,[2510868]
2787428,[2521298]
2787448,"[2514438, 1695693, 2515788]"
2787458,[2787678]
2787528,[2787748]
2787628,[2787678]
2788738,"[2641758, 2788448, 2460428]"
2789358,[2562288]
2790278,"[2829308, 2796788, 2938348, 2641748]"
2790458,"[2814328, 2792148, 2524378, 2728668]"
2790468,"[2471838, 2641748, 2574598, 2750498, 2611388]"
2791968,"[2792108, 2453808]"
2792388,[3005438]
2792438,"[3005678, 3005438]"
2792838,[2794518]
2793198,[2523448]
2793218,[2661718]
2793228,[2661718]
2793568,[2788448]
2793908,"[2545338, 2559958, 2514408, 2823368, 2731318, 2596688]"
2793918,[2821248]
2794278,"[2611388, 2591688, 2591698]"
2794448,[2794518]
2794458,"[2713728, 2509668]"
2796268,[2712978]
2797228,[2860628]
2797238,[2493308]
2797818,[2551058]
2797838,[2580188]
2797848,[2821248]
2797938,[2642218]
2798878,[2594878]
2799108,"[2545348, 2805638, 2805598, 2805668]"
2799118,[2544978]
2799178,[2545338]
2800328,[2605138]
2802818,[2779818]
2802888,[2712978]
2804128,[2805628]
2804688,[2490428]
2804958,[2804758]
2804978,"[2804818, 2948618, 2899558, 2531238, 2948258, 2889528, 2948598, 2948198]"
2805088,"[2948168, 2818648]"
2806318,"[2806508, 2611408]"
2807998,"[2772778, 2772738]"
2808138,[2559958]
2808528,[2643748]
2808538,[2512938]
2808548,"[2889398, 2919118, 2513858, 2924778, 2922548]"
2808568,[2509668]
2808818,[2821248]
2808838,[2594858]
2810518,[2583518]
2810668,[2583518]
2810678,[2583518]
2811388,"[2801008, 2814328, 2472348]"
2811468,[2779798]
2811478,"[2814268, 3041858]"
2811568,"[2815818, 2428248]"
2811578,"[2747918, 2493868]"
2811968,"[2998578, 2929838, 3047738]"
2812408,[2678268]
2813738,"[2611408, 2520728, 2433308]"
2814658,"[2787748, 2551478, 2591698]"
2814848,[1825203]
2815998,[2634408]
2816518,[2513918]
2816558,[2519638]
2816568,[2802458]
2816588,"[2802478, 2902638]"
2817178,[2760328]
2817238,[2786048]
2817898,"[2524378, 2589218]"
2818938,"[2472118, 2843168]"
2820338,"[2929738, 2471328, 2814238, 2814328]"
2820518,"[2611388, 2641748]"
2820528,"[2580188, 2750498, 2792958, 2641748, 2792968, 2627348, 2611388]"
2820538,[2728668]
2820628,"[2471838, 2814328, 2471978]"
2821498,[2708458]
2821518,[2611388]
2821528,"[2526648, 2580168]"
2821568,"[2731328, 2526648, 2611388, 2778028]"
2822998,[2546058]
2823008,"[2712298, 2643778, 2527308]"
2823118,"[2713728, 2559958]"
2824008,[2643748]
2824228,[2580178]
2825138,[2611408]
2825278,[2801278]
2825778,"[2526728, 2749208, 2796808, 3005478, 2814288]"
2828058,[2779008]
2829068,[2436648]
2829478,[2712368]
2829688,[2778028]
2829898,[2778018]
2830188,"[2755688, 2731328, 2755338]"
2830538,[2523428]
2830608,"[2731228, 2780918]"
2831538,[2580178]
2831728,[2698628]
2831738,[2698628]
2831748,[2472098]
2831808,"[2804428, 2515538]"
2831828,[2725968]
2832768,"[2954888, 2758458]"
2832848,[2828388]
2832878,[2828358]
2833028,[2643758]
2833128,"[2690268, 2641748, 2750488]"
2833138,"[2954858, 2922498, 2803478]"
2833308,[2860628]
2833328,"[2860628, 2551598]"
2833858,"[2430468, 2684808, 2436518, 2430488, 2486378]"
2835168,[2800928]
2839468,[2510868]
2840168,[2436648]
2841078,[2804398]
2841088,[3017998]
2842258,"[2430468, 2747918]"
2842268,"[2728008, 2688358]"
2842278,[2551388]
2842288,"[2725988, 2559958]"
2842298,[2559948]
2842308,[2747918]
2842318,[2551378]
2842338,"[2654248, 2493908, 2714558]"
2842388,[2541448]
2842398,[2736598]
2842408,"[2672478, 2692138, 2692128]"
2842438,[2430468]
2849858,[2900438]
2849868,"[2861118, 2922448]"
2851448,[2932758]
2859078,[2905598]
2859128,[2711208]
2865238,[2953178]
2865268,[2772898]
2865278,[2575618]
2865968,[2430468]
2868428,[2932758]
2877778,"[2905528, 2889528]"
2879628,[2792958]
2879648,[3028138]
2882068,[2772898]
2882088,[2922448]
2882098,[2596848]
2882128,[2882298]
2882148,[2882298]
2883198,[2879028]
2884348,"[2932788, 3130908]"
2884358,[2886128]
2884368,"[2882568, 3041198, 2953118, 2713738, 2882458, 2922318, 3040718]"
2884388,[3212999]
2884408,[2882478]
2884438,[2882458]
2884448,[2882458]
2884458,[2882518]
2884468,[3023868]
2885748,[2860918]
2891658,[2913688]
2891848,[2953138]
2891938,[2908478]
2891988,[3079248]
2892008,[2982758]
2893848,"[2890868, 2890818]"
2893858,"[2890808, 2747918]"
2894908,"[2929748, 3018348]"
2894948,[3000688]
2895188,[2900458]
2895208,[2936698]
2895348,"[3291989, 3079248]"
2895398,[2930358]
2895428,"[2861118, 3116988]"
2896048,[3291989]
2896058,"[2913688, 2900458]"
2896078,"[3023888, 2991158]"
2896088,[2719158]
2896098,"[2908698, 2904188, 3049218]"
2899208,[2902978]
2899218,[2689578]
2899718,[1825203]
2899738,[2902948]
2899748,[2804758]
2899938,[3150968]
2899978,"[2584618, 2948768]"
2899998,[2792148]
2901108,[3028148]
2902468,[2902768]
2902568,[2879148]
2903158,[2900478]
2903248,"[2843048, 2922298, 2800998]"
2903268,"[3011868, 2900458, 3011958]"
2903918,[2900438]
2903938,[2913688]
2904088,[2908498]
2904398,"[3041328, 3041318]"
2908228,"[2899588, 2924848]"
2908268,"[2905518, 2905448]"
2908278,[2922448]
2908438,[2905708]
2908608,[2900428]
2908838,[2900428]
2908858,"[2590488, 2792148]"
2910828,[3029808]
2911068,[2912088]
2911458,"[2899758, 2999358, 2899698, 2908628, 2908488]"
2911468,"[2905518, 2908398, 2485318, 2908698, 2858348]"
2911538,"[2804878, 2908648, 2908688, 2747918]"
2911548,[2908558]
2911568,"[2890808, 3000658, 2829308, 2908628]"
2911638,[2828388]
2912368,[2929788]
2913098,"[2584608, 2786638, 2754798]"
2913108,[2485768]
2913448,[2659788]
2913468,"[2953118, 3040728, 2908708, 2908688]"
2913708,"[2922518, 3037378, 2929738, 2899588, 2922408]"
2913978,[2688948]
2914108,"[3087648, 2914348]"
2914238,[2725968]
2915318,[3291989]
2915368,[3291989]
2916588,"[2971608, 3017968]"
2917098,[2848428]
2917138,[2917408]
2917198,[2848438]
2917228,[2848428]
2917918,"[2754798, 3039038, 2428308, 3058428]"
2918478,[2922538]
2918508,"[2912078, 3072218, 3058018, 3058108]"
2918548,"[2929738, 2908498, 3058088]"
2919568,[2918238]
2919618,[2920608]
2919628,"[2938348, 2920658, 2942178, 2922388]"
2919828,[2923948]
2919838,[3291989]
2920978,[2923908]
2921048,[2559948]
2921468,[2948768]
2921848,[2914528]
2921858,[2948768]
2921878,[2948768]
2922828,[3130908]
2922998,"[3232519, 2982738]"
2923458,[2924858]
2923468,[2924878]
2923528,"[2924748, 2975198]"
2923558,"[2513858, 2924588, 2890808]"
2923668,[2924788]
2923698,"[2924848, 2924858, 2513858]"
2924218,[2750408]
2924238,[2715058]
2924258,[2770758]
2924278,[2889398]
2924758,"[2914528, 2889398]"
2925238,[2900458]
2925878,"[3200279, 2905418, 2914598, 3017978, 3151268, 3037788]"
2926628,"[2890188, 2514368, 2820148, 3023888]"
2927758,[2801198]
2927778,[2792858]
2927838,[3036788]
2927888,[2922548]
2927958,[2801198]
2927978,[2750408]
2927988,[2575958]
2928048,[2575958]
2928078,[2829308]
2928138,[2922298]
2930258,[2924958]
2932448,[2932998]
2932458,"[2932988, 2932778, 2922388, 2832608, 3047708]"
2932468,"[3167899, 2925918]"
2932478,[3167999]
2932608,[3194649]
2935908,[2908488]
2935918,[2929958]
2935938,"[2993818, 2814558, 2956198, 2924768, 3167899, 3040928, 2930228, 2932758, 2929878, 2929838, 3037348, 3036788]"
2935958,"[2929788, 2929928, 2922518, 3041218, 2929768, 2929838]"
2935998,[2949478]
2936048,"[2908478, 2960308]"
2936078,"[3764389, 2814568, 2922298, 3125278, 3058348, 2929768, 2890808, 3434799, 2929788, 3225879, 3445249, 3041218, 2929638, 2930858, 3125718, 3286629, 3584169]"
2936088,"[2930428, 2929788]"
2936178,"[3058598, 2929928]"
2936188,[3000668]
2938458,[2947938]
2938478,[2947728]
2938558,"[2899698, 2804758, 2899768, 2947908]"
2938568,"[2947638, 2804758]"
2938658,"[2947628, 2947928, 2948268, 2948248, 2947638]"
2938708,"[2947908, 2947828]"
2938728,[2948598]
2938738,"[2948178, 2948628]"
2938748,"[2948198, 2948188]"
2940648,[2922448]
2940758,[3238469]
2941008,[2882708]
2941908,[3017988]
2942128,[2922548]
2942138,[2922488]
2943778,[2747168]
2943848,[2514138]
2943878,[2882298]
2943938,[2436648]
2943948,[2747918]
2944038,[2929788]
2944108,[2914528]
2944128,[2889738]
2944148,[2924838]
2944228,"[2924768, 3028078, 3041898, 2890588]"
2944318,[2784928]
2944348,[2747468]
2944368,"[2803398, 2956138, 2956128, 2625548]"
2944428,[2642218]
2944758,[2747298]
2945078,[2908698]
2945128,[2829308]
2945438,[2711208]
2945458,"[2559958, 2428258]"
2946048,"[2957788, 3242109]"
2946068,"[2899698, 2957788]"
2946148,[2953008]
2946298,[2999358]
2946638,[3047738]
2948358,[2948178]
2950348,"[2980438, 2509708, 2956168, 2956178]"
2950358,[3023888]
2950448,[3200279]
2950458,"[2929748, 2828388]"
2950468,"[3202729, 2509668]"
2950618,"[2899448, 2956168]"
2951048,[3058198]
2951078,[3078128]
2951958,[3125328]
2952138,[2575568]
2952158,[2820078]
2952178,[2820078]
2952198,[2889428]
2952208,[2428258]
2952228,[2820078]
2952258,[2784898]
2952268,[2428258]
2952278,[2575608]
2952298,[2559948]
2952338,[2784898]
2953098,"[2596848, 2725968]"
2958838,"[2890208, 2949468, 2905528, 2911708, 2969798]"
2958848,"[3040538, 3017998, 2916338]"
2958858,[2913688]
2958878,[2913688]
2959788,[2770748]
2959818,[2966378]
2959938,"[2930428, 3060398]"
2959958,[2917498]
2959978,"[3072478, 2896148]"
2959998,"[2955658, 2953118, 2924838]"
2960138,"[2931998, 2848668, 2764308, 2993828, 2908698]"
2960418,"[3193319, 2889608, 2899698]"
2960548,[3047738]
2961528,[2513918]
2961768,[3078128]
2965468,[3212859]
2970228,[2777958]
2971018,[2922408]
2971028,[2971608]
2971078,"[2922538, 2914668]"
2971088,[2971608]
2971108,[2924838]
2971718,[3029568]
2976078,[2917528]
2977578,[3029578]
2980738,[2913688]
2980748,[3079248]
2980758,[3079248]
2980768,[2917498]
2982608,[2713738]
2983688,[3028108]
2985188,[2921828]
2986618,"[3137578, 3201719]"
2987188,[2932758]
2987198,[3005108]
2987408,[3130908]
2987428,[2711108]
2987488,[2980438]
2987828,[2990148]
2987958,"[3028108, 3040538]"
2988208,[2908548]
2988298,[2932988]
2988468,"[2908478, 2908698]"
2988488,"[3041218, 2923898, 2892258]"
2990448,[2890418]
2991528,[3041828]
2991828,[3041218]
2991888,[3040928]
2992508,[2931018]
2993358,[2922488]
2993788,"[2902768, 3041198, 3005478]"
2993968,[3041888]
2997788,[2889528]
2997808,"[3076558, 2930428, 3130908]"
2997818,"[2905528, 2814328, 2980448]"
2997938,[2930978]
2997948,[2930978]
2998618,[2929738]
2998748,"[3130908, 2929928, 3005478]"
2998768,"[3130908, 3079248]"
2998968,[2889528]
3000598,"[2889458, 2509708, 2971608]"
3000608,[3000658]
3000618,"[2509708, 3058238, 2921808, 2930228, 2947638]"
3001138,[2719148]
3001148,[2905688]
3001158,[2513918]
3001908,[2930978]
3001958,[2999508]
3001968,[2999188]
3001978,[2792148]
3002728,[2908698]
3002868,[2771708]
3002878,"[2922318, 2899758, 2993828, 2951768]"
3004228,"[3037788, 3005608, 3005368]"
3004238,"[2916758, 2929838, 2890308, 2929578, 2890328, 3005118, 3005328]"
3004258,"[3005478, 3005328, 3005358]"
3004368,[3216109]
3004388,"[3005498, 3005458, 3058188]"
3014798,[2922548]
3014808,"[3018068, 2913688, 2924768, 2924848]"
3014818,"[3193369, 2922548, 2905418, 2889458, 2099087, 2889778, 2889378]"
3014848,"[2975848, 2924778]"
3014858,"[3212419, 2925848]"
3016778,[3076558]
3016808,[2993828]
3017278,"[3017898, 2990488, 3076558, 2908708]"
3017288,[2908698]
3019438,"[3017898, 2905518, 3041198, 2835058, 2899448]"
3019468,"[2904208, 3028078, 3078128, 2914668]"
3022288,[3060458]
3022708,[3037938]
3022748,[3005328]
3023698,"[3018218, 2932068, 3041128, 2914378, 3003688, 3018228, 3034838, 3034918, 2924568]"
3023728,"[2711108, 3018218, 2902858, 2924548, 2512988, 2916278]"
3023848,"[2509708, 3018268, 2924848, 3018068, 2924778, 2993828]"
3024918,[3025468]
3026368,[3317999]
3026438,[3026528]
3026448,"[2899448, 2921708, 3058598, 3041898, 2882788, 2924878]"
3027658,[2900508]
3027678,[2913688]
3027698,[3028108]
3029428,[2919118]
3029778,"[2922488, 2889398]"
3031188,[3018158]
3035848,[2786698]
3035868,[2688358]
3037428,"[3100018, 3179099, 3028108]"
3037438,[3167999]
3037488,[3029578]
3037538,[3100018]
3037568,[2654268]
3037638,[2882578]
3037728,"[2663228, 3074278]"
3037968,[3216409]
3038798,[2890418]
3038808,[3130918]
3038898,[2980438]
3038918,[2890148]
3039348,[3011218]
3039738,"[3000688, 2948768]"
3041978,"[2999208, 2908628, 3029808]"
3042728,"[2922448, 2889398]"
3042818,"[3041218, 3063188, 3079788]"
3042938,[3041888]
3044778,[3026528]
3051338,[3066458]
3052348,[3028108]
3053758,"[2980288, 3339719]"
3054878,[2924748]
3056078,[3040188]
3057828,[3041198]
3058268,"[3058138, 2882788, 3058038]"
3059158,[3059468]
3059658,[2908428]
3059678,[2930358]
3059838,[2999358]
3060078,[2908698]
3060108,[2899758]
3064798,[2931118]
3065238,[3063168]
3065578,[3062858]
3068708,[3178619]
3069098,[2860878]
3069138,[2932778]
3069158,"[2924988, 3078678]"
3069228,[3212859]
3070788,"[2930978, 3047738]"
3073678,[3074278]
3073688,[3074528]
3074028,[2711108]
3074308,"[2947738, 2786698, 3005478, 3039018, 3232519, 2832608, 2908498]"
3074328,[2925918]
3074418,[2924858]
3077538,"[2929748, 2922498, 2930228, 2611388, 2758378, 2801198, 3103418, 2905518]"
3078008,[3130958]
3087478,[3058188]
3090458,[3076558]
3119268,"[2924568, 2908638]"
3123558,[3005328]
3123638,[2513918]
3124068,[3005678]
3124268,[2982758]
3124428,[3079248]
3124438,[2599288]
3139058,[3074278]
3140268,[3178619]
3143798,[3174439]
3144228,[3040198]
3145478,[3227529]
3152588,"[2890228, 2896118]"
3158108,[2917498]
3158428,[2959288]
3158718,"[3028148, 3222319]"
3162688,"[3005288, 3005328]"
3167679,"[2932768, 3041058, 2929928, 3079248, 3203489, 3074368, 3074528]"
3167699,[2932778]
3167729,"[2932988, 3167899]"
3167789,"[3167899, 3028088, 2932968]"
3167829,[3167899]
3167889,"[3167899, 2932778, 3028148]"
3171269,[3695329]
3173539,[3028148]
3174789,[2953078]
3183009,[2526728]
3183459,[2922548]
3183539,[3899031]
3183579,[2953168]
3183589,"[2771708, 2980388, 2750408, 2931118]"
3183599,[2750408]
3183759,[3208269]
3183769,[3208269]
3184009,[2922388]
3184029,[3140108]
3184999,"[2750498, 2803628, 2749208, 2922498]"
3186789,[2889428]
3188969,"[2779928, 2472348]"
3192449,[3222009]
3193599,"[3029568, 3029578, 3028148]"
3194409,[3017978]
3195199,[2860918]
3195259,[2966378]
3196689,"[3138288, 3138268]"
3197359,[3179099]
3197579,"[3179099, 2937038]"
3198109,[2914298]
3198199,[2914318]
3200069,[3167199]
3202039,"[3202189, 3356119]"
3202249,[3202189]
3202439,[3167999]
3202829,[3034228]
3202999,[3167999]
3203009,[3005458]
3206119,[2882568]
3210269,[3070348]
3210469,[3193369]
3211659,"[3361459, 3355959]"
3212369,"[3516279, 3950581]"
3213399,[4015041]
3213409,"[3216319, 3216049]"
3220169,[3074248]
3220289,[3074248]
3221279,[3005138]
3221829,[2902768]
3221859,[3193309]
3231539,[3079128]
3232479,[2932968]
3232979,[2509668]
3233419,[3227529]
3234859,[3200249]
3236649,"[3238179, 2947618]"
3236689,[2947738]
3236739,[3238559]
3236809,[3238279]
3236899,"[3238179, 3445969]"
3236909,[2948028]
3240299,[3240369]
3242229,"[2914368, 3167899]"
3242339,[3244049]
3242349,[2932788]
3242589,[2929208]
3243969,"[3076558, 2829308]"
3243979,[3193309]
3252819,[2678268]
3253579,[2889898]
3258779,"[3465369, 3359249, 3356729, 3528839]"
3259469,"[3734149, 3530159, 3302779, 3530259, 3704909, 3481869, 3481379, 3348379]"
3267959,[3200279]
3270229,[3028148]
3271899,[3041108]
3271909,"[3087628, 2829308]"
3273019,[3221309]
3273189,[3011918]
3276909,[3519489]
3278379,"[2922298, 2922518]"
3278389,[3011938]
3288609,[3287059]
3290489,[2969808]
3290939,[3449039]
3290949,[3830801]
3290959,[3449039]
3297919,[3379839]
3297929,[3356729]
3297969,"[3576909, 3383939]"
3297989,[3541699]
3298009,"[3492659, 3305069, 3438969]"
3299209,[3388689]
3301219,[2764288]
3301429,[3302419]
3301449,[3445249]
3301559,[3302599]
3301629,[3302699]
3301639,[3302579]
3301729,[3302419]
3301759,[3445249]
3301839,[3354389]
3301859,[3302579]
3301889,"[3302809, 3302579]"
3302139,[3302809]
3302219,[3434799]
3302349,"[3396699, 3302809]"
3302459,[3364569]
3302529,[3434799]
3304249,[3305009]
3316569,"[3899031, 3605759]"
3316579,[3200269]
3324489,[3434859]
3326759,[3416179]
3333929,[3385039]
3333939,"[3330519, 3606259, 3434289]"
3333949,"[3385029, 3358819]"
3333959,[3206259]
3333969,"[3434289, 3385029]"
3333989,[3434289]
3334009,[3434809]
3334019,[3434809]
3334049,[3358819]
3334059,[3330489]
3334069,[3330519]
3334079,[3330579]
3334089,"[3390819, 3344589]"
3334099,"[3381359, 3434859]"
3334129,[3434809]
3334139,[3385029]
3334149,[3434289]
3335089,[3356129]
3337079,"[3606099, 3761659]"
3339399,[3704679]
3339409,[3339509]
3339419,"[3361449, 3481349, 3339719, 3339509]"
3340699,[2922538]
3340829,[2922538]
3340839,[3465239]
3340869,"[3356169, 3356209]"
3340989,[3355939]
3341009,[3465269]
3341019,[3355939]
3341049,[3465269]
3341089,"[3465269, 3356169]"
3341099,[3465239]
3341199,[3355939]
3341209,[3356209]
3341329,[3356239]
3342529,[3344789]
3342579,"[3434699, 3339509, 3432069]"
3342699,"[3356029, 3434699]"
3342709,"[3434699, 3445359]"
3345579,[3287059]
3345679,[3349099]
3345689,[3349759]
3345729,[3722799]
3345839,"[3722809, 3804419, 3287059]"
3347109,[3349099]
3347329,[3349099]
3347409,"[3356119, 3356209]"
3350149,"[3899031, 3348079, 3593279, 3302559, 3419149, 3302749, 3830801]"
3350159,"[3348389, 3348399, 3446109]"
3350179,[3348419]
3350189,"[3566859, 3359249, 3399449]"
3350319,[3381639]
3350349,[3348059]
3350359,[3348399]
3350469,"[3348379, 3566869]"
3350539,"[3481699, 3566859, 3530159, 3699499, 3336399]"
3351509,[2509708]
3352459,[3352609]
3352469,[3352609]
3352479,[3302579]
3352489,"[3352619, 3352639]"
3353169,"[3353569, 3763569]"
3353189,"[3353669, 3354289]"
3353199,"[3354389, 3381669, 3353649]"
3353209,"[3379839, 3381659, 3353649]"
3353219,"[3355959, 3353809]"
3353229,"[3225959, 2922518, 3353939, 3356689, 3356319, 3356599]"
3353309,[3398289]
3353319,[3763449]
3353359,[3763449]
3357889,[3362759]
3361039,[3763569]
3362639,"[3363049, 3363729, 3363699]"
3362659,[3777059]
3362669,"[3365079, 3434349, 3408569, 3364999, 3420669, 3379839, 3356119, 3365139, 3363729, 3364279, 3551249]"
3362679,"[3363719, 3365079, 3364339, 3365009, 3409099, 3408569]"
3362689,[3364719]
3362699,[3363049]
3362719,"[3365819, 3363719]"
3362739,"[3733559, 3363719, 3733379, 3364279, 3363729, 3356459]"
3365189,[3390639]
3365219,[3379839]
3365239,"[3364279, 3541549, 3551249, 3354219]"
3365259,"[3446039, 3541559, 3385299, 3356689, 3356029]"
3365269,"[3355959, 3356689, 3364339, 3356799]"
3365299,"[3429919, 3348399, 3381619, 3353939, 3353979, 3526769]"
3365319,"[3577079, 3398309]"
3365349,[3383939]
3365629,[3348399]
3365659,"[3576899, 3390799]"
3365689,[3383939]
3366349,[3429919]
3366389,[3383939]
3366399,[3429909]
3367659,"[3414199, 3356599, 3398289, 3367499, 3465339]"
3367669,[3356729]
3367679,"[3379009, 3361759, 3355959, 3302599, 3356209, 3412869, 3761449]"
3370049,"[3399449, 3364699, 3364559]"
3370099,"[3356119, 3408849, 3434339]"
3370149,"[3287089, 3654899, 3481379, 3353809, 3339689, 3344769, 3385029]"
3372479,[3356029]
3372499,[3355919]
3372539,"[3356009, 3356119, 3373819]"
3372589,"[3286629, 3287089]"
3373169,[3355919]
3375119,"[3745779, 3745999, 3358499, 3364699]"
3377429,[3383939]
3377489,[3383939]
3377839,"[3381349, 3329799, 3381049]"
3377899,"[3381079, 3507449]"
3377909,[3381159]
3377919,"[3381029, 3381109]"
3377949,"[3763889, 3381309]"
3377979,"[3381109, 3899041, 3381349, 3210649, 3654899, 3381209, 3602989, 3654889, 3899031, 3379009, 3590899, 3267649, 3381029, 3381339]"
3378009,"[3356169, 3465189, 3434799, 3355939]"
3378019,"[3381059, 3381209, 3381109, 3434349, 3606159, 2929618, 3606119, 3403189]"
3378109,[3381289]
3378119,"[3381209, 3381219, 3381079]"
3378149,"[3291809, 3605869, 3654889, 3528939, 3348399, 3381069, 3596319, 3464149, 3606119]"
3378159,"[3422429, 3584159, 3464149, 3400749, 3381209]"
3379819,[3381639]
3379829,[3356459]
3379849,[3519589]
3379859,"[3225959, 3465329, 3519859, 3356009]"
3379899,[3479159]
3379919,[3479159]
3379929,[3584169]
3379939,[3479159]
3379969,"[3434339, 3417529]"
3379989,[3552409]
3380019,[3432069]
3380029,[3390759]
3380049,[3381639]
3381869,[3401709]
3382229,[3356209]
3384429,[3353569]
3384649,[3381669]
3384669,"[3277019, 3445249]"
3384719,[3344789]
3384829,"[3777059, 3545219]"
3384839,[3408859]
3384869,[3354269]
3384879,"[3429939, 3381629]"
3384889,"[3381599, 3409799]"
3384929,[3445249]
3386199,"[3446269, 3390819, 3429939, 3364699]"
3386219,[3390759]
3386759,[3302669]
3386769,[3302699]
3386779,[3403899]
3386789,[3302669]
3387369,[2924838]
3387379,"[3363099, 3381599, 3445249, 3493109, 3344789]"
3387439,[2924838]
3389179,[3356799]
3389409,"[3434859, 3381099, 3448379, 3348059, 3356689, 2929638, 3348379, 3356209]"
3389419,[3348379]
3389429,"[3400769, 2929638]"
3390089,[2948768]
3393069,"[3420669, 3355959, 3287089, 3348379, 3381619]"
3393089,"[3400609, 3408889, 3355919, 3397139, 3356729, 3356599, 3355959]"
3393099,[3560969]
3393109,"[3498499, 4200291, 3481979, 3481289, 3434339, 3344769]"
3393119,"[3434339, 3344829, 3519589, 3432079]"
3393129,[3390759]
3393139,[3432069]
3393149,[3356799]
3393159,[3420769]
3393169,"[3448489, 3385249]"
3393179,[3356799]
3393189,[3408889]
3393249,"[3356189, 3432079, 3356129]"
3394919,"[3381629, 3481989, 3899301]"
3395449,[3519919]
3395519,[3465289]
3396249,[3356119]
3396269,[3356129]
3396289,"[3240129, 3356189]"
3396299,"[3356129, 3434209]"
3396539,[3397139]
3396839,[3552409]
3397119,[3420669]
3397129,[3356119]
3397199,"[3357069, 3408859]"
3398519,[3403189]
3399259,[3416279]
3399279,"[3365079, 3416269]"
3400509,"[3398289, 3409169, 3356729]"
3400519,[3356139]
3400529,[3356139]
3400549,"[3356459, 3434699, 3486399, 3348379, 3467599, 3420669, 3348419]"
3404659,[3465239]
3404859,[3400759]
3404979,"[3422429, 3194719, 3423069]"
3405229,"[3400859, 3315469, 3419149]"
3405519,[3410569]
3405859,"[3416469, 3364549, 3358559, 3615739, 3829231, 3419149]"
3406049,[3416519]
3406949,[3410729]
3406989,"[3410729, 3410809]"
3406999,[3410639]
3407029,[4448171]
3407129,"[3410569, 3410639]"
3407149,[3410639]
3407259,[3410569]
3407269,[3410569]
3407279,"[3410569, 3410899]"
3408379,"[3298539, 3400749]"
3408409,[3400759]
3408419,[3400859]
3408529,"[3400919, 3710429]"
3410529,"[3302599, 3465239]"
3410709,"[3400919, 3399429]"
3410769,"[3037318, 2922518]"
3410779,"[3398619, 3302749]"
3412209,[3434809]
3413119,"[3409059, 3429929, 3560969, 3357069, 3356189]"
3413279,"[3408909, 3434859]"
3414249,"[3434349, 3408889]"
3414269,[3439179]
3414289,"[3445359, 3446249]"
3414299,"[3438969, 3360879]"
3414309,[3363729]
3414449,[3381639]
3417889,"[3400909, 3400859]"
3418029,"[3830801, 3449899]"
3418069,[3419139]
3419009,"[3606039, 3419129]"
3419069,[3419139]
3419119,[3595339]
3419539,"[3552399, 3364549]"
3419549,"[3609319, 3734149]"
3419559,"[3358499, 3679899, 3609319, 3734149, 3449919]"
3419629,[3364699]
3422229,[3408849]
3423189,[3419139]
3423199,[3400859]
3423549,[3291819]
3423569,"[3291809, 3677819]"
3423629,"[3291819, 3348409, 3267649, 3510229]"
3423639,[3677819]
3423649,[3275249]
3424679,"[3238189, 3383039, 3381979]"
3424689,"[3428269, 3428299]"
3424829,"[3428319, 3428469, 3382069]"
3424839,"[3381979, 3428459]"
3424849,"[3428329, 3382069]"
3424959,[3892371]
3424989,[3996821]
3424999,[3996821]
3425069,"[3382069, 3801379]"
3425149,"[3428449, 3428499]"
3425219,[3382349]
3425309,"[2419327, 3428289]"
3425419,"[3446049, 3381979]"
3425439,[3238459]
3425459,[3238179]
3425559,[2948168]
3425639,"[3428289, 3381979, 3382069, 3428319]"
3426189,"[3446109, 3356729, 3434209, 3225959, 3379009, 3481699, 3357069]"
3426209,[3357069]
3426219,[3356599]
3426239,[3355959]
3426309,"[3409099, 3355959]"
3426329,"[3381629, 3381639, 3408909, 3509649, 3348379, 3408569]"
3426809,[3355919]
3426819,[3704909]
3426829,[3409199]
3426839,[2922538]
3426989,"[3356459, 3445249]"
3427019,[3356599]
3427029,[3356799]
3427039,"[3398619, 3356459]"
3427249,[3423059]
3427299,[3356799]
3427319,[3356689]
3427339,[3830801]
3427979,[3428289]
3428159,[3383209]
3428549,[3356089]
3428559,"[3356009, 3429689]"
3430149,"[3434859, 3408889, 3434699, 3434929, 3336399]"
3430269,[3434699]
3430319,"[3434259, 3804409, 3385029, 3899041, 3359249]"
3430339,"[3804419, 3434349, 3464149]"
3430409,"[3434699, 3437569, 3434349]"
3430489,"[3899031, 3267649]"
3431739,[3397819]
3431759,[3432069]
3432499,[3552409]
3432959,[3164099]
3432969,[3164099]
3433129,"[3339519, 3339709, 3567299]"
3433299,"[3481869, 3398289, 4200291, 3654899, 3339509, 3385249]"
3433349,[2922518]
3433379,"[3381619, 3344789]"
3433439,[3356799]
3433519,[3420769]
3433539,[3398359]
3433549,[3398359]
3434039,"[3695329, 3677749]"
3434779,"[3446269, 3609319, 3399489, 3399479]"
3435069,[3399479]
3435289,[3552409]
3435629,"[3399479, 3399489]"
3437289,[3439169]
3437429,[3434709]
3437439,[3697679]
3437479,[3439289]
3437489,[3439179]
3439779,[3446269]
3439989,[3398359]
3440029,"[3429959, 3398359, 3356209]"
3440059,[3017958]
3440089,[3356689]
3440139,[3398359]
3440469,"[3763889, 3381599, 3305009]"
3440479,"[3170929, 3302599, 3416189, 3302589, 3420769, 3529379, 3439009, 3381599]"
3444739,"[3481969, 3449059]"
3444749,[3267649]
3444759,[3448699]
3444769,[3449209]
3444839,[3267649]
3446179,[3364449]
3446199,[3445619]
3446209,[3560969]
3448789,[3277019]
3448809,"[3352609, 3445619]"
3449019,"[3381629, 3356729, 3381619, 3356319, 3445619, 3356119, 3442329]"
3449079,"[3442329, 3445619, 3348389]"
3449139,[3412559]
3450589,"[3992651, 3419249, 3691629, 4336981, 3606119]"
3450729,[3481989]
3450739,[3606119]
3450799,"[3824191, 3419129]"
3450999,[3449059]
3451569,"[3399439, 3399449, 3399489]"
3455379,[3315469]
3455449,[3481989]
3455759,[3446109]
3455779,[3356729]
3455789,"[3420769, 3356599]"
3455799,"[3408579, 3420669, 3434349]"
3455839,[3396699]
3455869,[3481699]
3455879,[3396699]
3455889,"[3302579, 3416519]"
3455899,"[3336399, 3356279]"
3455909,"[3448999, 3396699, 3431999]"
3457909,"[3465379, 3479119]"
3457959,[3465239]
3458009,"[3344829, 3551249, 3728379, 3445119, 3434799, 3761529, 3464219, 3356209, 3465149]"
3458509,"[3449209, 3422739, 3722809, 3745769, 3529319]"
3458529,[3606119]
3460129,"[3899031, 3302689]"
3460139,[3899041]
3460229,[3506879]
3462179,[3414199]
3462199,[3356629]
3462269,"[3606119, 3420669, 3398409, 3465389, 3383939, 3414199, 3609319, 3356729, 3398359, 3356599, 3356459]"
3462339,"[3356119, 3356729]"
3463029,"[3479159, 3465259, 3422259, 3355959, 3434799, 3422429, 3465369, 3356029, 3761539, 3400869, 3465249, 3761449, 3353649, 3465329]"
3463069,"[3465359, 3465349]"
3463139,"[3465199, 3465389, 3398359]"
3463779,[3594689]
3469789,"[3498489, 3699519]"
3469839,[3699519]
3469889,[3606339]
3470329,[3606099]
3470339,[3699519]
3471399,"[3654899, 3519589]"
3471409,"[3344829, 3467599, 3400619, 3408849]"
3471449,"[3434329, 3467599, 3552399]"
3471479,"[3348419, 3348399, 3734149]"
3471499,"[3654889, 3899041, 3755209, 3467599, 3733379]"
3471659,[3336329]
3476559,"[3465369, 3359159]"
3476569,"[3359319, 2947468]"
3476579,"[3465369, 3358239, 3409829, 3554079, 3629849, 3400749, 3348379, 3445259]"
3476639,"[2947468, 3465369]"
3476649,[3465369]
3477999,[3445249]
3480719,"[2929618, 2750488]"
3483059,[3654899]
3486009,[3486409]
3486369,[3385029]
3486379,[3481379]
3486389,"[3576909, 3577079, 3481269]"
3486549,"[3804419, 3525859, 3704679, 3525869, 3498499]"
3486599,"[3348399, 3348049, 3519579]"
3486609,"[3481979, 3804389]"
3486619,"[3481299, 3577039, 3572079, 3399449]"
3486629,"[3739879, 3481299, 3577029]"
3486709,[3481989]
3486869,[3498499]
3486879,"[3410609, 3481979, 3399449, 3348379, 3446269]"
3487309,"[3450089, 3353569, 3446269]"
3487349,"[3398289, 3401029, 3420769, 3492659, 3431999]"
3487449,[3398359]
3487459,[3440939]
3488319,[3516279]
3488329,"[3590899, 3516279]"
3488359,"[3481289, 3519959, 3519589]"
3488669,[3356009]
3488679,"[3381109, 3356729]"
3490949,[3493119]
3490959,"[3493119, 3519589, 3552409, 3291809]"
3491059,"[3287089, 3348379, 3439009, 3348399, 3529349, 3369639]"
3491379,[3493109]
3491639,"[3305069, 3492659]"
3491649,"[3548899, 3439159, 3305069]"
3491709,[3420769]
3491719,[3358559]
3491729,[3801189]
3496609,[3495879]
3497709,[3356629]
3498119,[3481869]
3498359,[3554029]
3498369,[3510229]
3498379,[3554029]
3499049,"[3481379, 3519589, 3545239]"
3500509,"[3481979, 3302879, 3544669]"
3500599,[3355919]
3500639,"[3481279, 3498489]"
3501799,[3360879]
3506739,[3381339]
3506749,[3379009]
3506989,[3379009]
3507959,[3509219]
3507969,"[3509389, 3509629]"
3508089,"[3509619, 3509579]"
3508119,[3509579]
3510919,"[3434699, 3501559]"
3510929,[3434699]
3510989,[3506879]
3511009,[3240129]
3511019,[3501359]
3511039,"[3506879, 3501359]"
3511049,[3501359]
3511069,"[3448699, 3506889]"
3511129,"[3501549, 3501559, 3506879]"
3511139,"[3434869, 3501359]"
3511799,[3399409]
3513349,[3028148]
3514159,"[3519589, 3449059, 3359249]"
3514179,[3302599]
3514879,"[3654899, 3381349, 3950571]"
3515369,[3654899]
3515519,[3481869]
3515619,[3838921]
3515629,[3519959]
3515639,[3481349]
3515749,[3481979]
3515779,[3804429]
3515789,"[3348399, 3381629]"
3515919,[3519579]
3515939,[3481869]
3518969,[3519579]
3518979,"[3519579, 3519589]"
3519039,"[3267649, 3519589, 3381339, 3434269, 3446269]"
3519159,"[3519589, 3302599, 3302679, 3560969]"
3519209,[3519579]
3519219,[3434279]
3519379,"[3519589, 3434279]"
3519399,"[3434869, 3519589, 3446109]"
3519729,[3465329]
3519769,[3479159]
3519789,[3530159]
3520709,[3434869]
3520759,"[3594869, 3594839]"
3523009,[3442219]
3523059,[3899031]
3525439,[3594789]
3525489,[3808599]
3526589,[4200321]
3527239,"[3544889, 3385029, 3606119]"
3527269,[3526769]
3527279,[3526739]
3527289,[3606109]
3527309,[3526779]
3527349,[3429929]
3527359,[3526739]
3527379,[3544899]
3528489,[3606259]
3528559,[3606259]
3530969,[3338879]
3531139,[3338879]
3531909,"[3356459, 3356729]"
3531919,"[3356139, 3356189, 3356729]"
3531949,"[3446269, 3356379]"
3531969,[3356139]
3532239,[3553549]
3532249,[3525859]
3532379,[3548899]
3533609,[3544669]
3533799,[3439009]
3534019,"[3735739, 3528839]"
3534039,"[3434289, 3348049, 3356089, 3419249, 3528899, 3530159, 3381159, 3529379]"
3534069,[3777589]
3534119,[3529339]
3534299,[3358819]
3534979,[3525869]
3534999,[3481869]
3535019,[3525869]
3535179,[3481869]
3535189,[3527709]
3535229,[3399449]
3535239,[3379009]
3537259,[3493109]
3538239,"[3796939, 3344769, 3539149, 3446269]"
3538629,[3595339]
3539729,[3509139]
3539759,"[3509629, 3509139, 3442329]"
3539859,[3509389]
3539919,[3028108]
3539939,[3040208]
3540279,[3385029]
3540309,[3358559]
3542659,[3420769]
3542759,[3400679]
3542769,[3358499]
3542929,[3429949]
3543439,"[3364699, 3400719]"
3543719,[3354219]
3543919,"[3545219, 3545239]"
3543929,[3545239]
3543959,[3364699]
3544239,[3339719]
3544249,[3339719]
3544299,"[3359249, 3560969, 3449949, 3481869, 3364559, 3529379, 3302779, 3302599, 3654889, 3434339, 3383939, 3446039, 3390819, 3364549, 3899301, 3414689]"
3545829,"[3305069, 3388689, 3429909]"
3545839,"[3354369, 3397539]"
3545849,"[3397539, 3675289]"
3547619,"[3691629, 3449209, 3713519]"
3548229,[3344769]
3551439,[3356129]
3553299,[3595339]
3554469,"[3553569, 3652839, 3777389]"
3554499,[3613779]
3554879,[3552399]
3554889,[3552409]
3555159,[3530159]
3555169,"[3422429, 3465209]"
3555819,"[3606099, 3412869]"
3557039,[3498549]
3557249,"[3510229, 3381599, 3408849, 3305069]"
3559699,[2929748]
3562419,[3381079]
3563089,[3434329]
3564079,[3267479]
3564119,[3830801]
3564229,[3606149]
3565049,[3216059]
3565259,[3302669]
3565329,[3302749]
3566389,[3302669]
3568479,[3348399]
3568599,[3356729]
3568699,[3356119]
3568749,[3356379]
3569989,[3438969]
3570009,[3606259]
3570019,[3348409]
3570059,[3493109]
3570249,[3606159]
3570459,[3381369]
3570499,[3448519]
3570549,"[3302659, 3606259]"
3571429,[3194719]
3578579,[3356189]
3578609,[3419149]
3578639,[3225959]
3578699,[3381349]
3578789,"[3400769, 3355919, 3336399, 3298549, 3400869, 3419249]"
3578799,[3606119]
3578819,[3400869]
3578829,"[3355939, 3396699, 3465279]"
3578839,[3355919]
3579729,[3450139]
3579799,[3450089]
3579809,[3450139]
3579829,[3449209]
3579969,[3449209]
3581599,"[3719139, 3720089]"
3581639,[3793949]
3581719,"[3400899, 3400969]"
3581729,[3400699]
3581739,[3400699]
3582009,[3434859]
3582279,[3804419]
3583069,"[3577029, 3779579, 3654899, 3566869, 3654889]"
3583099,[3654899]
3584009,[3584139]
3584059,"[3584129, 3594689]"
3584079,[3596319]
3584089,"[3410809, 3410569, 3410649, 3410729]"
3590559,"[3396699, 3240129]"
3590649,"[3329989, 3419149]"
3592429,"[3654899, 3654889, 3344769, 3763879]"
3592739,[3899031]
3592749,[3336399]
3592989,[3336399]
3592999,[3605869]
3593109,[3728189]
3593119,[3605869]
3593139,"[3419249, 3606189, 3725449, 3606259]"
3593249,"[3445359, 3381349]"
3593259,[3445359]
3593269,[3445359]
3593439,[3606099]
3593449,[3606099]
3594199,[3899031]
3595439,[3419249]
3595449,"[3606109, 3606259, 3516279]"
3595549,"[3419209, 3419179, 3467599, 3408849]"
3595579,[3419209]
3595609,"[3400719, 3899031]"
3595629,[3605719]
3595969,"[3400859, 3780039]"
3596109,[3356319]
3596129,[3356319]
3596619,[3449209]
3596629,[3449209]
3596649,[3654899]
3596659,[3654899]
3597999,[2959328]
3599069,"[3606119, 3194719, 3595339, 2922518, 3899041, 3356089, 3495879, 3899051, 3348379, 3225879, 3356209, 3356169, 3356119, 3595349, 3416499, 3397469, 3400859, 3434699, 3652829, 3356189]"
3599609,[3450089]
3600939,[3616419]
3601159,"[3528839, 3481289, 3385029]"
3601209,[3615719]
3601859,[3385029]
3602039,[3302659]
3602069,[3763759]
3602199,[3602949]
3602249,[3434309]
3602829,[3305069]
3603089,"[3305069, 3577079]"
3603199,[3442219]
3603229,[3267649]
3607579,"[3609319, 3615739]"
3610879,[3545219]
3615819,[3553549]
3620539,[3899041]
3620549,[3358559]
3620659,"[3356459, 3398619]"
3621859,"[3529319, 3400749]"
3621949,"[3567139, 3397139]"
3621979,[3587209]
3621989,[3567019]
3621999,"[3587559, 3566869]"
3622009,[3567069]
3622039,[3566869]
3623589,"[3576829, 3609319]"
3623949,[3449209]
3624299,[3439009]
3625529,"[3419249, 3519589, 3530309]"
3627119,[3481869]
3629999,[3577029]
3630009,[3577029]
3630019,[3577029]
3630029,"[3576679, 3577079]"
3632839,[3654899]
3634479,[3606149]
3637069,[3363099]
3637179,[3398289]
3637249,[3398429]
3637279,[3403909]
3637389,[3408569]
3637579,[3348519]
3637609,[3434339]
3637749,[3357069]
3637779,[3381639]
3637809,[3495879]
3637849,"[3481869, 3446269]"
3638139,[3420769]
3639479,[3355959]
3639489,"[3472499, 3356729, 3302589, 3576899]"
3639659,[3356799]
3639759,[3355959]
3639769,[3398289]
3639949,[3398429]
3640249,"[3479129, 3527729]"
3640269,[3398359]
3640279,[3398289]
3640379,[3400869]
3640429,[3356629]
3640509,[3356629]
3640519,[3434309]
3640529,[3356119]
3640539,[3398359]
3640549,[3434309]
3640629,[3398359]
3640639,[3398289]
3640799,[3398289]
3643609,[3078678]
3649299,[3453269]
3649309,[4039331]
3649319,"[3449919, 3450089, 3302799]"
3649329,"[3577079, 3448519, 3545219, 3576829]"
3650989,"[3899051, 3899031]"
3661179,[3167909]
3663149,[3899031]
3665749,[3356379]
3665779,[3398419]
3666039,[3398359]
3666559,[3398359]
3666609,[3356119]
3666689,[3560969]
3669739,[3408909]
3669759,[3408889]
3669969,[3408569]
3669989,[3355919]
3670029,[3465329]
3670069,[3408909]
3670149,[3356689]
3670569,[3409099]
3673019,[3356689]
3678059,[3165599]
3682049,[3356399]
3682079,[3356689]
3682089,[3356729]
3682099,[3356379]
3682129,[3356729]
3682159,[3356629]
3682179,[3414199]
3682319,[3398359]
3682359,[3644939]
3686139,"[3446039, 3380999, 3302859, 3605869, 3336399, 3225959, 3606109, 3302829, 3434349]"
3689539,"[3431969, 3225879]"
3689549,"[3225959, 3356459, 3465339, 2929638, 3225879, 3381279, 3422429, 3356029, 3475359, 3267479, 2930428, 3606119, 2929618, 3286619]"
3689909,[3529319]
3689919,[3356119]
3689929,[3356119]
3689949,[2929618]
3689979,[3398429]
3689989,[3398429]
3690019,[3398429]
3690089,[3398429]
3691469,[3439379]
3691739,[3769259]
3691959,[3359549]
3692039,[3358279]
3692049,[3302599]
3692169,[3302659]
3692219,[3358559]
3692699,[3398309]
3692789,[3775569]
3692809,[3398309]
3692819,[3434329]
3692859,[3415389]
3694569,[3385249]
3694579,[3385249]
3694619,[3552399]
3695709,[3291809]
3695759,[3677819]
3696009,[3684729]
3696969,[3367499]
3697369,[3434329]
3698029,[3728219]
3698039,[3697769]
3698049,"[3363729, 3363719, 3365139]"
3698779,[3699019]
3699879,"[3465329, 3448999]"
3699889,[3400869]
3699919,[3400769]
3699979,[3699569]
3699989,[3699519]
3699999,[3699519]
3700019,[3699519]
3700389,[3690299]
3700399,[3690299]
3700409,[3302599]
3700819,[3605869]
3700849,[3400749]
3702049,"[3654889, 3225879]"
3702129,[3728279]
3703049,[3712849]
3703389,[3398289]
3703949,[3399429]
3704109,[3419149]
3704299,[3419139]
3704339,[3419149]
3704359,[3705089]
3704819,[3481859]
3704829,[3467599]
3705749,[3356169]
3706259,[3701529]
3706269,[3701439]
3706279,"[3713959, 3696379]"
3706309,[3713959]
3706369,[3696229]
3706389,[3541559]
3707849,[3408909]
3707859,[3409099]
3707869,"[3408849, 3408889]"
3707879,"[3408909, 3553549]"
3708029,[3409099]
3708039,[3420669]
3708059,[3420669]
3708299,[3356119]
3708389,[3355959]
3708489,[3414199]
3708519,[3398239]
3708719,[3355919]
3708729,[3355919]
3709349,[3356689]
3709359,[3398289]
3709459,[3398359]
3709469,[3398359]
3709539,"[3367499, 3420769]"
3709559,"[3398289, 3728379]"
3709679,[3356119]
3709709,[3409099]
3710469,[3408569]
3710649,[3414199]
3710679,[3398289]
3711339,[3401089]
3712579,[3763889]
3713049,[3813069]
3713059,[3813069]
3713649,"[3691139, 3355939]"
3713909,[3302839]
3713919,[3302739]
3713929,[3302599]
3714269,[3302599]
3714609,"[3749579, 3698999]"
3715829,"[3654899, 3530159, 3465369, 3348399, 3704679]"
3719459,[3991741]
3719669,[3719729]
3720789,[3525839]
3721149,[3804419]
3721169,[3434709]
3721209,[3777519]
3721999,"[3777519, 3777389]"
3722569,[3722769]
3723679,[3723829]
3724159,[3419139]
3724249,[3801069]
3724329,[3381159]
3726689,"[3796929, 3767039]"
3726799,[3779579]
3728499,[3434329]
3728739,"[3305069, 3302669, 3359249]"
3728759,"[3539149, 3409799, 3576909, 3577039, 3302669]"
3728949,[3359249]
3728979,[3359249]
3729009,[3899041]
3729069,"[3899041, 3899031, 3449209]"
3729189,[3899041]
3729199,"[3359249, 3305069]"
3729209,[3359249]
3729259,[3899041]
3729359,[3267649]
3729379,[3729609]
3729389,[3267649]
3729419,[3824191]
3729469,[3729609]
3729489,[4336981]
3729499,[3899041]
3729539,"[3385249, 3752229]"
3729669,"[3507449, 3449099]"
3729689,"[3305069, 3577039]"
3729729,"[3576679, 3358559]"
3729749,[3359249]
3730449,[3398289]
3731639,[3339509]
3731649,[3339509]
3732289,[3560969]
3732299,[3734019]
3732309,[3398359]
3732319,[3398359]
3732349,[3728189]
3732359,"[3767039, 3728189]"
3732379,[3356189]
3732389,[3560969]
3732449,[3733979]
3733739,[3733949]
3734739,"[3448379, 3348399]"
3735109,"[3735749, 3577079, 3577029, 3419249]"
3735129,[3448379]
3735179,[3448379]
3735189,"[3735749, 3577079]"
3735399,"[3625019, 3653159, 3321699, 3528869, 3448519]"
3735429,"[3481859, 3448519]"
3735449,"[3448519, 3583529, 3577079]"
3735569,"[3516279, 3448379, 3545239]"
3736519,"[3761519, 3736679]"
3737869,"[3763759, 3584139, 3804419]"
3737889,"[3442229, 3793949]"
3739189,[3654899]
3739359,[3560969]
3739369,[3560969]
3739409,[3408849]
3739419,[3804389]
3739469,"[3529379, 3529369, 3596319]"
3739549,[3381639]
3739789,[3344829]
3740269,[3740439]
3740289,[3740469]
3740379,[3761529]
3743709,[3465239]
3743739,[3761529]
3743969,"[3465369, 3465329]"
3747809,[3728379]
3747879,[3728379]
3747899,[3728379]
3748829,[3356119]
3748839,[3356119]
3749249,[3749579]
3749899,"[3745769, 3745779]"
3750439,"[3733379, 3733569]"
3750899,[3356139]
3750979,[3763889]
3751019,[3373739]
3753139,[3753739]
3753269,[3763889]
3753349,[3519589]
3753369,[3753739]
3753429,[3519579]
3753469,[3753739]
3753479,[3753739]
3753539,"[3380999, 3400749]"
3753549,"[3302669, 3400749]"
3753559,[3400859]
3753569,[3519579]
3753679,[3753739]
3753689,[3519579]
3753699,"[3519589, 3530259]"
3753809,[3481249]
3753939,[3605869]
3753999,[3606159]
3754069,[3400869]
3754129,[3481249]
3754159,[3606109]
3754169,[3606109]
3754279,[3759099]
3754379,"[3605869, 3355919, 3400749]"
3754609,[3501359]
3754759,[3804429]
3754939,[3594839]
3754949,[3594779]
3754959,[3594779]
3755019,[3763879]
3755219,[3606119]
3755419,[3755559]
3755639,"[3481289, 3577039, 3465189, 3446109]"
3755739,"[3302879, 3419139]"
3756669,[3434309]
3756699,[3698999]
3756819,[3755209]
3756839,[3408849]
3756949,[3755209]
3756959,"[3755339, 3302749]"
3757259,[3541549]
3757269,[3420769]
3757279,[3420669]
3758219,"[3530159, 3356139, 3530429]"
3758229,[3530159]
3758259,"[3606109, 3356139, 3530429, 3530159]"
3760529,[3529509]
3762259,"[3344829, 3763889]"
3762269,[3529519]
3762659,[3777469]
3763059,[3606119]
3763079,[3606119]
3763269,[3606119]
3763299,[3400869]
3764499,"[3796929, 3786049]"
3764769,"[3786069, 3786049]"
3765779,[4275361]
3765859,[4036121]
3765929,[3955431]
3765939,[4275401]
3766159,[3804419]
3766539,"[3385529, 3654899, 3775249, 3577039, 3519589]"
3766549,"[3206259, 3654899, 3385529]"
3766729,"[4275411, 4275401]"
3767169,[3467629]
3767349,"[3584129, 3763759]"
3767359,[3786049]
3767369,[3899031]
3767799,"[3772009, 3434329, 3381249, 3764029, 3759159, 3381209]"
3767899,[3400769]
3768289,[3755559]
3768399,[3763749]
3768419,[3434709]
3768429,[3381159]
3768959,[3727399]
3769369,[3530259]
3769399,"[3412909, 3420669, 3408889]"
3769659,"[3786069, 3519579, 3804349, 3806899]"
3770029,[3422739]
3770049,[3722759]
3770069,[3770659]
3770079,[3770659]
3770829,"[3804429, 3804389]"
3770869,"[3804389, 3804399]"
3771599,[3481299]
3771799,[3777519]
3771809,[3777469]
3772719,[3506869]
3772899,[3501359]
3773989,[3755209]
3773999,[3755209]
3774009,[3419209]
3774879,[3761509]
3774899,[3567019]
3775069,[3566999]
3776329,[3594689]
3777169,[3509629]
3777209,[3509629]
3777219,[3344829]
3779319,[3519589]
3779339,[3467629]
3780539,[3495879]
3780649,[3778929]
3781219,[3699459]
3781279,[3336329]
3782199,"[3381159, 3519589]"
3782209,[2929618]
3782219,[2929618]
3782289,[3381159]
3782309,[2929618]
3782319,[2929638]
3782329,[2929638]
3782949,[3339709]
3783249,[3356029]
3783279,[3356029]
3783289,[3356029]
3783459,[3449099]
3784439,[2929618]
3784469,[2929618]
3784709,[2929618]
3784809,[2929618]
3785419,[3683489]
3785429,[3683489]
3786169,"[3225959, 3440959]"
3786299,"[3381349, 3381289]"
3786319,[3481869]
3786869,[3381159]
3787069,[3933311]
3787979,[3792619]
3788499,"[3544669, 3516279]"
3788509,[3434309]
3788529,"[3729609, 3434309]"
3788599,[3516279]
3789079,[2929618]
3789419,[2929618]
3789469,"[2929618, 3448519]"
3789529,"[4200291, 3359549]"
3789549,[3359549]
3789589,[3594689]
3789679,[2929618]
3789689,[3606099]
3789749,[2929618]
3790879,"[3400859, 3605869, 3442219, 3899051]"
3790899,"[3605749, 3950581, 3899031, 3267649, 3605869]"
3791089,[3736799]
3791109,[3225879]
3793029,[3754849]
3793389,[3763879]
3793819,"[3804429, 3381139, 3804419]"
3793829,"[3804419, 3481269]"
3794529,[3530159]
3796139,[3449099]
3796399,[3448979]
3796409,[3519589]
3796419,[3359319]
3796479,[3409839]
3797899,[3734149]
3797949,[3439179]
3798059,"[3777519, 3339719]"
3798119,"[3763759, 3796929]"
3798959,[3398289]
3799069,[3420769]
3799779,"[3428259, 3428269]"
3799809,[3428309]
3799899,[3801439]
3800039,[3801379]
3800069,[3428459]
3800209,[3801379]
3801179,[3238459]
3801289,"[3467629, 3429949]"
3801299,"[3344829, 3467629, 3529519]"
3801309,"[3594689, 3786069, 3467629]"
3801729,"[3449209, 3450089]"
3801759,[3450089]
3801799,[3450089]
3801829,[3729609]
3802459,"[3571309, 2929618, 3701729, 3357069, 3644959]"
3802699,"[3530159, 2929618]"
3803819,"[3804409, 3777519]"
3804069,[3434309]
3804199,[3804429]
3805089,[3364449]
3807889,[3807909]
3807999,[3777519]
3808009,[3364419]
3808229,[3449109]
3812229,[3695329]
3812239,[3796929]
3812259,[3577079]
3812279,[3617489]
3812589,[3736799]
3812779,[3400169]
3812799,[3465009]
3812819,[3400169]
3812879,[3383939]
3812909,[3400169]
3812929,[3383939]
3813799,[3723949]
3815969,[3385029]
3816029,"[3385219, 3302879]"
3816039,[3385219]
3816129,[3385029]
3816319,[3448379]
3817009,"[3831061, 3830941]"
3817019,[3830951]
3817059,"[3830861, 3830991]"
3817239,"[3830951, 3830961, 3830821]"
3817249,"[3830871, 3830981, 3830831]"
3817461,[3349099]
3817481,[3654899]
3817641,[3775569]
3817821,[3654899]
3819071,[3781739]
3820241,[3728379]
3822711,[3823141]
3825481,[3358199]
3826291,[3528869]
3826331,[3481249]
3826411,[3528869]
3829141,[3829221]
3829151,[3829241]
3829171,[3829221]
3829181,[3804419]
3830201,[3804419]
3830211,[3804419]
3830231,[3829221]
3830241,[3606099]
3830331,[3829211]
3836801,"[4114521, 4691541, 4098391, 4221021, 3977951]"
3836821,"[3994371, 3981921, 4198301, 4646181]"
3836831,"[3887031, 4150011, 4464741, 3926391, 3926511, 3867081, 3991801, 4123531]"
3836841,"[4038421, 3991741, 4464741, 3965711, 4339561, 4336421, 3867111, 3929741, 4170011, 3987661, 3926461, 3955431, 3991711, 3926511, 4458721]"
3836861,"[4170031, 3970121, 3719139]"
3846001,[3886991]
3846021,[3886991]
3846071,[3850461]
3846091,"[4418551, 4087731, 3720089, 4015041]"
3846101,[4017861]
3850001,[3398359]
3850931,[3926511]
3851051,"[3970121, 4292901]"
3851081,[3926511]
3851091,[3965191]
3851171,[3965191]
3851181,[3965191]
3851221,[3926511]
3851941,[3398359]
3852161,[3917921]
3852171,[3965101]
3852401,[3398359]
3852451,[3398359]
3852521,[3398359]
3852531,[4011061]
3852791,[3398359]
3852871,[3398359]
3861561,[3992091]
3861581,"[4017851, 4017521]"
3861591,[4017361]
3861601,[4017081]
3861791,"[3867111, 4017351]"
3861931,[4017351]
3862201,[3983311]
3862231,[3983311]
3862251,[3862451]
3862301,[3983311]
3870751,"[4017351, 3720109, 3926511]"
3870771,[4017411]
3870791,"[3962151, 3969971]"
3874781,[3991711]
3874791,[3991711]
3874831,[3719139]
3874841,[3991711]
3874871,[3991711]
3874881,[3761409]
3874921,"[3933311, 3720129]"
3882141,[3400789]
3884491,[3883001]
3889871,[4004601]
3896651,[4015051]
3896671,[3917941]
3896971,"[4383841, 3991711]"
3897001,"[3917871, 4017861, 3917861]"
3897041,[3917921]
3897071,[3931381]
3897101,[3931381]
3897201,[3917921]
3898941,[3899031]
3898951,[3899051]
3899141,[3899291]
3899451,"[3267469, 3448999, 3348419]"
3899461,"[3267659, 3899301]"
3906581,[3926391]
3906591,[3897511]
3906621,[3917871]
3906641,"[3897511, 3917941]"
3910431,[4275541]
3910441,[3914621]
3910501,[3977521]
3910511,[3914771]
3910691,"[4015051, 4017661]"
3910771,[4015071]
3910791,[3931491]
3910801,[3931491]
3910901,"[4170661, 3917231]"
3910911,"[4170661, 4297331, 3917201, 4123381]"
3910921,"[4170011, 3917081, 4429821, 4169471]"
3910931,[3917081]
3910941,[3917081]
3910951,"[4169481, 3917091, 3917161, 3917231, 3917171]"
3910961,[3917091]
3910971,"[4297331, 3917161]"
3910991,[3917211]
3911581,[3917101]
3913931,[3917161]
3915011,[3948041]
3915021,[3948041]
3915371,[3465129]
3915461,"[3987701, 3965131]"
3915481,[3917161]
3915841,[3918121]
3915851,[3917891]
3915891,[3918121]
3918791,"[4276091, 3349779, 4035941]"
3919181,[3825721]
3919321,[3919711]
3919331,[4007111]
3919951,[3401129]
3920011,[3401129]
3920591,"[3970031, 3926511, 4017861, 3969951]"
3920651,"[3918121, 3918001]"
3925511,"[3977521, 3914611]"
3925811,[4015071]
3925851,"[3931491, 3917871]"
3925871,"[3929971, 3926511, 3991801, 3965081, 4015051]"
3925931,[4015041]
3925981,"[4015071, 3850441]"
3925991,"[3992241, 4011801, 4015051, 3977891, 3956101]"
3926001,[3931491]
3926021,[3933321]
3926031,[3934311]
3926041,[3933321]
3926091,[3933851]
3926121,[3933851]
3926131,[3935121]
3926161,[3933321]
3926171,"[3917181, 3926511]"
3926371,[3914781]
3926781,"[3987681, 3931491, 3970121, 3992211]"
3926791,"[3996841, 3965101, 3997411, 3981921]"
3926811,[3882581]
3927031,[3965461]
3927421,[3991741]
3927441,"[3987701, 4276281, 3973151, 4418561]"
3927461,[4015051]
3927471,[4015071]
3927481,[3973071]
3927521,"[3917971, 4015041]"
3927551,[3931491]
3927561,"[3931491, 4017861]"
3927571,"[3987661, 3864671, 3931491]"
3927581,"[3987731, 3970121, 3977951, 3997901]"
3927631,[3931491]
3927721,"[4015051, 4273871]"
3928221,"[4014901, 4160701]"
3928231,[3955531]
3928261,[3965101]
3928291,"[4445031, 4014901]"
3928761,[3935121]
3928911,[3933851]
3930041,[4017861]
3930071,"[4017861, 4015051]"
3930151,"[3917921, 4021851]"
3930161,[4017861]
3930321,"[4015051, 4017861]"
3932731,"[3994401, 3918121, 3992161]"
3932781,"[3970121, 4006831]"
3933051,[3987631]
3933201,[3933831]
3933251,"[3933881, 3934031]"
3940431,"[4000381, 3991711, 3956101, 4017521, 3867211, 3926511, 3761409]"
3940441,"[3895011, 3867081, 4198381, 4000381, 3780009]"
3940481,"[3867111, 3934601]"
3940611,"[3883001, 4276281]"
3941061,"[3992001, 4017521, 4014771, 4217751]"
3941161,"[4221391, 3955531, 4000381]"
3941301,[4275541]
3941311,"[3933311, 4275471, 3992071, 3926461]"
3941321,"[4015071, 4036111, 4221481, 3978411, 3971881]"
3941401,"[4275581, 4275411, 3930561, 3978411, 3992091]"
3941411,[3992001]
3943441,"[4011061, 3992051, 3926511, 3944941]"
3943551,[4011061]
3943571,[3926511]
3943721,"[3918131, 4011801]"
3943821,[3944941]
3943981,[3926511]
3946641,"[3987661, 3946911]"
3947481,[4358951]
3947581,[3931261]
3947611,[3936981]
3947631,[3936981]
3947661,"[3931491, 3931471]"
3947691,[3931471]
3947701,"[3931471, 3931381]"
3947731,[3931381]
3947741,[3931471]
3947751,[3931471]
3947761,[3931471]
3947811,"[4358581, 4403381]"
3947821,"[3931471, 4015051]"
3947831,"[3931381, 4445061]"
3949241,[3939871]
3949341,[3939881]
3949351,[3939881]
3949361,[4429741]
3949411,[3939841]
3951341,[3991711]
3951371,[3953241]
3951421,"[3953241, 3956101]"
3951431,"[4007051, 4007031, 3953251]"
3952251,[3929761]
3952271,[3929771]
3952281,"[3929761, 3929741]"
3953331,"[3953841, 3926511]"
3953471,"[3918011, 3926511]"
3953481,"[3953861, 4349551]"
3953501,[3953831]
3953521,[3926461]
3954551,"[4007011, 3953101]"
3955321,"[3987631, 3955531]"
3955401,[3977521]
3955971,"[3933411, 3987731, 3955551, 3970221]"
3956001,"[4105071, 4275581, 3955541, 3955531, 4276281, 3962161, 3987731, 4276391]"
3956011,[3955501]
3956031,"[3955551, 4391991, 3999991]"
3956051,[3955501]
3956061,"[3955551, 3991441, 4079811, 4276281, 3997661]"
3956071,[3955481]
3956471,[4296451]
3956481,"[4011061, 3926511]"
3956501,"[4011331, 3962151, 3962131, 3926511]"
3956561,"[3926511, 3962161, 3962131]"
3956661,"[3962391, 3918051]"
3956681,[3918051]
3956711,[3965101]
3956811,"[3926511, 3962151]"
3956851,"[3965771, 3926511]"
3957171,"[3962731, 3965771, 4296451]"
3957221,"[3926511, 3918051]"
3957461,"[3962161, 3965771]"
3957911,[3703709]
3959171,[4221021]
3959601,[3785869]
3959621,[3962661]
3959711,"[3720129, 3962151]"
3959791,"[3962481, 3962661]"
3959941,[4221021]
3961911,[3970031]
3961921,[4178301]
3961941,"[4014631, 4178301]"
3963001,[3867111]
3964361,[4011061]
3964521,[3972041]
3966091,[3918011]
3966291,[3962131]
3966371,[3962661]
3966601,[3967541]
3966611,[3962131]
3966781,[3917081]
3969891,"[4015051, 3991801, 4646181]"
3969981,"[3926511, 3973101, 4074601, 4646171]"
3970011,"[3899061, 3965771, 3926391, 3897521, 4015051, 3926511, 3973151]"
3972331,[4178301]
3972401,"[3965191, 3972041]"
3972761,[3918011]
3972821,[3970051]
3972861,[3965131]
3972891,[3918121]
3972901,[3918011]
3973061,"[3933311, 3926461]"
3975571,"[3977811, 3926461, 4178531, 3977991]"
3975581,[3978101]
3975591,"[3977831, 4015041, 3977951]"
3975601,"[3978211, 3931491, 3977951]"
3975611,"[4276281, 3978381, 3939871]"
3975941,"[3978001, 3926461, 3978031, 4107541]"
3975961,[3978381]
3976001,[4275411]
3976011,"[3956101, 4017861, 3970121, 3935051, 4085251, 4108121, 3720109, 4014531]"
3976181,[4063351]
3976201,"[3977981, 3757399, 4464741, 3867211]"
3976221,[3977831]
3977261,[3974751]
3977311,[3974751]
3977391,[3974751]
3977641,[3974751]
3978671,[3969881]
3978681,[4193111]
3978691,"[3971461, 3969881]"
3978701,[3991741]
3978711,"[3991741, 3970251, 4114761]"
3978721,[3991741]
3978741,"[3971041, 3991741]"
3978751,"[4178301, 3926511]"
3978761,[3918131]
3978771,[3926511]
3978781,[3967231]
3978811,"[3970431, 4416791, 3970171]"
3978961,[3970251]
3978971,[3969871]
3978981,[3970311]
3978991,[3969871]
3979001,[3970311]
3979361,[3970251]
3979381,[3969961]
3979401,[4416791]
3979411,"[3970251, 3970171]"
3979421,[4416791]
3979431,"[4192681, 3971381]"
3979461,"[3971901, 4192681]"
3980061,[4017361]
3980071,[4017081]
3980111,[4017661]
3980141,"[4114441, 4017661]"
3980231,"[4006751, 4006811, 4006821]"
3980241,[3917871]
3980321,"[4006751, 4006791, 3974751, 4006831]"
3980451,[4006791]
3980461,"[4006791, 4007031]"
3981601,"[3970431, 3935111]"
3981831,"[3970121, 4015051, 3917211, 3991801, 3918131, 4170661, 4273871, 4014801]"
3985071,"[3933311, 3720129]"
3988261,"[3761989, 3992081]"
3988301,"[4173771, 4173751, 4014771, 4429821, 4378411]"
3988311,[4221451]
3988891,[4178131]
3988981,[4276561]
3989281,"[3918051, 4276091, 4035941]"
3989451,[4646181]
3989491,"[3991801, 4276391]"
3990151,[3825051]
3990211,"[4105071, 4221461]"
3990241,[3995281]
3990281,"[4087711, 3825051]"
3990291,[4221461]
3990311,[3997901]
3990321,"[4017861, 4160871]"
3990331,"[3997901, 3926461]"
3990341,"[4017841, 3720069, 3902691]"
3990361,"[4017861, 3887031]"
3991071,"[4276561, 4006751]"
3991641,[4014901]
3991651,[3974751]
3992541,[3992211]
3992941,"[3992211, 4015051, 3987711, 3931251, 3992091]"
3993111,"[4014901, 3992211, 3970171]"
3994741,"[4292901, 3918161]"
3994811,"[3962461, 4009231, 3965131, 3987701, 4221091, 4221391]"
3994831,[3955541]
3994921,[4009421]
3994931,"[4009271, 4009231]"
3995091,"[4009581, 4009231]"
3995101,[4292901]
3995111,[4009581]
3995131,"[3974751, 4241031]"
3995151,[3381279]
3995161,[3381349]
3995171,[3973151]
3995191,[3992091]
3995451,[3987731]
3995631,"[3994341, 3994371, 4221461]"
3995691,[3994411]
3995831,"[4105071, 3995281]"
3995851,"[4004651, 3996831, 3995331]"
3995871,"[3696469, 3994371, 3997411]"
3995891,"[4198171, 3997231, 4075291, 4017841, 3926511, 4292901, 4017861]"
3995901,"[3997241, 3997261, 3991801, 4292901]"
3995911,[3996831]
3995931,"[3997631, 3994341]"
3995941,[4017861]
3996181,"[3867211, 4464741, 3978411, 4170011, 4137181]"
3996521,[3996981]
3999761,[3918011]
4000021,"[3720129, 3992671]"
4000141,"[4164401, 3992051, 3926511]"
4000211,"[3970121, 3970231]"
4000231,"[3970431, 3981921]"
4000331,"[4017411, 3544799, 3926511]"
4000341,"[3882581, 3962131, 3977521, 4017651, 3965201, 3965671]"
4000361,"[3991711, 3720129, 3965131]"
4000551,[3997151]
4000631,"[3401129, 3703709]"
4001071,[3398359]
4001231,[3998151]
4001261,"[4436991, 3999241]"
4001331,"[3892241, 3999041]"
4001341,[3965201]
4001361,[3965191]
4001421,[3926511]
4001521,[3997191]
4001551,[4410101]
4001611,[4004611]
4001671,"[3892241, 4392781]"
4001861,"[3998051, 4389391]"
4001871,[3999251]
4002511,"[3998641, 3997191]"
4004691,"[3974751, 3974441]"
4004931,"[3991741, 4429741, 3939871]"
4004971,[3991741]
4005001,"[4221201, 3981921]"
4005011,[3929971]
4005511,[4006071]
4005551,[3936981]
4005591,[4079541]
4005601,"[3936981, 3962421, 4006071]"
4005611,"[3935071, 4272171, 3917161]"
4005651,"[4006061, 3936801]"
4005671,[3936981]
4006021,[3917161]
4006461,"[3727049, 3792619, 4478141]"
4006521,"[3792619, 4036531]"
4006671,"[4391991, 3974581, 4098291]"
4006761,[3944941]
4007141,"[3987731, 4403551, 4079811, 3965191, 3917941]"
4009901,"[4064231, 3977891, 3978411]"
4009921,"[3867211, 3978381]"
4009991,[4389391]
4010101,"[3996821, 4004591]"
4010811,"[4150011, 4198161]"
4010931,[4160931]
4012451,[4646181]
4012521,[3992091]
4012551,[4276091]
4013251,"[4017081, 4017871]"
4013521,"[3955481, 3981921]"
4013621,[3956091]
4013701,[4015071]
4013711,[4011521]
4013801,[3850351]
4013821,[4339561]
4013831,[3903451]
4013841,[3850351]
4013851,[3850441]
4013861,"[4173751, 4467651, 3930561]"
4013871,[3902791]
4013891,[3903451]
4013901,[3850351]
4013951,"[4173771, 3930561, 3956091]"
4013961,[4015071]
4013981,[3918051]
4014011,[4467651]
4014031,"[3970121, 3955481]"
4014051,"[3946911, 4193121]"
4014061,[3902841]
4014141,[4011521]
4014351,"[4221201, 4006071]"
4016451,[4033551]
4016461,"[3757339, 4006751, 3381019]"
4016471,[4033551]
4016501,"[4014891, 3962151, 3965191, 3918121]"
4016511,[4014911]
4016561,"[4014961, 4014761]"
4016581,[4033551]
4016601,"[4178591, 4014881, 4178571]"
4016611,"[4014711, 4033571, 4014961]"
4016631,"[3720129, 4014851, 4118681, 3926471, 3926511]"
4018961,[3965201]
4020251,"[3917941, 4292901, 4014801]"
4020361,"[3970231, 3970121, 3917941]"
4021381,[3850441]
4021401,"[3902691, 3270599]"
4021421,[4017861]
4021901,[3862451]
4025071,"[3991711, 4160691, 4275481, 3933311]"
4025101,"[3965131, 4011801, 3997241, 4017861, 3886991, 4017421, 3895001]"
4027611,[3981951]
4027631,[3981921]
4027641,[3992241]
4027671,[3981951]
4027681,"[3917871, 3981921, 3955531]"
4027711,"[4221481, 3955501]"
4027721,"[4006831, 3987731, 4221481]"
4029531,"[3935021, 3935051]"
4032051,"[3886991, 3991821, 4017861, 3931491, 4276281]"
4032391,[4014851]
4032411,[4017361]
4032441,[4017361]
4032511,[3867211]
4032521,[4017251]
4032531,[4017851]
4032561,"[4017361, 4017251]"
4032591,"[3720129, 3764159, 4015041, 4015051]"
4032601,"[3864681, 3929791]"
4034711,"[4691751, 3903501, 4085251]"
4034731,[4391991]
4034741,[4098291]
4034901,"[4276091, 4296481, 4275371, 3948041]"
4034931,[3344829]
4036101,[3654899]
4036601,"[3981921, 3978161, 4277201, 4296551, 4170621, 4198171, 4123531, 3936801, 3991801, 4036041, 3965131, 4036121, 4275411, 4006831, 4178131, 3970121]"
4036621,"[3720129, 4178131, 3719139]"
4039951,"[3934501, 3785779, 4273921]"
4040211,[4178131]
4041531,[3970121]
4041551,"[3970121, 3936801, 4123531, 4178301, 4275401]"
4044871,[3448379]
4044881,[3448519]
4044891,[3448379]
4049071,[4098301]
4052021,[3883001]
4053141,"[3970121, 3991801, 4038421]"
4055031,[3953091]
4055061,[3946921]
4056201,[4014961]
4056221,[3917951]
4056231,[4296481]
4056281,"[4296481, 3929791, 4098291]"
4057221,[4198331]
4059561,[3757339]
4061941,[4429821]
4063061,[4017861]
4063581,[3973151]
4065861,[3977781]
4065881,[3939871]
4065891,"[4382191, 4382201]"
4065901,"[4349551, 3985021]"
4066001,[4064171]
4066561,[4080411]
4066581,"[4221451, 3944941, 4079641]"
4066601,"[3944941, 4080191, 4080161, 4079641]"
4066621,"[4080411, 4221111, 4014791, 4079831, 4080401, 4079641, 4079771]"
4067451,"[4272171, 3981951]"
4067491,"[4006751, 3955501]"
4067501,[4006751]
4069181,[4075091]
4069211,"[4075161, 4075091]"
4069321,"[4075091, 4075291]"
4069351,"[4075281, 4075271, 4075291, 4186641, 4075261, 4075211]"
4072571,[4175461]
4072951,[3973071]
4073931,"[3897531, 4105071]"
4075801,[4221481]
4075811,[4221481]
4075851,[4296481]
4075881,[3981921]
4082171,"[3992061, 4275391]"
4082181,"[3991711, 3933311, 4276281]"
4082191,"[4646181, 3992071]"
4082231,"[4064241, 4646181, 4429651]"
4082281,[4221461]
4082731,[3953871]
4082821,[3953861]
4082851,[3953871]
4082911,"[4083381, 4198161]"
4082921,"[4464741, 4221021, 3761409]"
4082931,"[4275401, 3992051, 4275411, 3761409, 3992091, 3720129, 3973071, 4292901]"
4083051,[4275391]
4083071,[3973051]
4084071,[3917851]
4086021,[4087731]
4088981,[3926471]
4089131,[3918011]
4089141,[3918051]
4089181,"[3720069, 4262321]"
4089921,"[3926511, 3965771]"
4089941,[4099481]
4090561,"[3918131, 3926511, 3965131]"
4093481,"[4418561, 4101941, 4098291, 4098301]"
4093491,"[3973071, 4014881]"
4093551,"[4198151, 3955531]"
4096121,"[4276281, 3992091]"
4096131,[4164401]
4096181,"[4075291, 4276391]"
4096191,[3955481]
4096751,"[3544799, 4014961, 4098301, 4137181]"
4096841,"[4098391, 4098301]"
4096851,[3981921]
4096881,"[3981921, 3544799]"
4103771,"[4275431, 4104901]"
4104061,[4105071]
4104081,[4105071]
4104141,[4105071]
4104221,"[3955481, 4014901, 4221091]"
4104231,"[4015051, 3981951, 4292901, 3991801]"
4104241,"[3955481, 3991801, 4292901, 3973151, 3917871, 3970121, 3955531, 3931491]"
4104251,[4105071]
4104281,[4105071]
4104291,"[3955421, 4098301, 4033571, 3917181, 4276391, 4011801, 4275491, 4104971]"
4104461,[4198171]
4104471,[4296481]
4104621,"[3926511, 4296451]"
4104671,[3917911]
4104871,[3926511]
4105081,[4198171]
4105121,[4296481]
4105561,[4296481]
4105781,[4296481]
4107731,[3944941]
4108981,"[3926511, 3947211]"
4109031,[4114611]
4109051,[3720129]
4109181,[3926511]
4109351,[3926511]
4109861,[3918051]
4109891,"[4198161, 3955431, 4165421]"
4119041,[3962421]
4124041,[3720129]
4124471,[3720089]
4124691,[4014541]
4125011,[3720129]
4125021,[4014541]
4125101,"[4101941, 4098391]"
4126161,[3864671]
4127731,[3933311]
4128191,[4101941]
4129521,[4014961]
4137121,[4033571]
4137131,[4033571]
4137241,[4439901]
4138231,[4138901]
4138251,[4138891]
4138401,[3720129]
4138541,[4138901]
4138551,[3927361]
4143351,[4198291]
4143881,"[3981921, 4198141]"
4143921,[4198361]
4144001,[3933311]
4144161,[4198171]
4144441,[3970221]
4149431,"[3719139, 4198161, 4150011, 3917091]"
4149451,"[4365991, 4150021]"
4149691,[3757339]
4150961,[4275391]
4151291,"[3939871, 4365981]"
4151311,[4122401]
4151611,[4276391]
4151621,"[3992051, 4198131, 4275361, 4170691]"
4151761,"[4198171, 4275581, 4198301]"
4152011,[4122741]
4152071,"[3926511, 4691751, 4276661]"
4152081,"[3720069, 3899021]"
4152221,"[3992161, 4015071, 4198351, 4178591, 4014961]"
4152231,"[4178301, 4122741]"
4152771,[4275471]
4153121,[3992091]
4153681,"[3992091, 3917231, 3992161]"
4153801,[4275471]
4153881,"[4277201, 4382851, 4383101, 4275471]"
4154141,"[3917161, 3992161, 4276281, 4275401, 3918011, 3970121, 3933311, 4017341, 3918131, 4114601, 3992091, 3992071, 3992041, 4276311]"
4154311,[3992091]
4154501,"[4275491, 4276011, 3955551, 3992061, 3897531, 4383031, 4275401, 4275581, 3926481]"
4154641,"[4038421, 4150011]"
4154821,[4275581]
4155731,[4038421]
4155751,[3933311]
4156001,[4164391]
4156101,"[4085251, 3934501]"
4156231,"[4085481, 3785779]"
4156261,"[4098291, 3785779, 4085481]"
4156381,[4646181]
4156431,[4164401]
4156441,[3785779]
4156471,[4085481]
4156781,"[3992051, 4063341, 4251731]"
4159251,[4251731]
4162291,[4198231]
4164661,"[4014851, 4275401]"
4164831,"[3933311, 3883031, 3720129, 3683619, 4165671]"
4164971,[4165421]
4165101,[4018261]
4165111,[4018261]
4165161,"[4165671, 4165661]"
4165411,[4087721]
4167141,[4087641]
4168811,[4169471]
4169321,"[4170021, 4429821]"
4169891,[4275971]
4169941,[4178131]
4169981,"[4276391, 4178131, 4165661]"
4170041,"[3918131, 4118871]"
4170281,[3806909]
4170321,"[4118871, 3992161]"
4171041,[4009421]
4171881,"[3934501, 4098291, 3992051]"
4172041,[4098301]
4176551,"[4193121, 4014541, 4114471]"
4176781,[3933311]
4176801,[3720129]
4176831,"[4276281, 3381299]"
4177671,[4011061]
4177691,"[3965191, 3926461]"
4179691,[4101941]
4179941,[4137181]
4179961,[4098301]
4183511,"[3720129, 4118571]"
4183941,[4101941]
4183961,[4101941]
4185191,"[3720109, 3442209]"
4185201,"[3720109, 3442209]"
4188401,[4189061]
4188441,[4178301]
4188501,"[3933311, 4036121]"
4188511,"[3720129, 3933311]"
4193411,[4178301]
4193701,[3969881]
4193771,[4178301]
4195281,[4114781]
4195991,[3969881]
4196001,[3970311]
4198441,"[4241021, 3720129]"
4198451,[4241021]
4205021,[3933311]
4205101,[4038421]
4205571,"[4079641, 4221201, 4079681, 4221451]"
4205651,[4198381]
4205711,[3992041]
4205721,"[4482421, 3917091]"
4205761,[4276281]
4205781,"[4036111, 4098291, 3917231]"
4217091,[3926471]
4223401,"[3973071, 4105071]"
4230681,[4646181]
4233101,[3398359]
4236021,[3719139]
4238931,"[4241021, 3897741]"
4239141,"[4241021, 3956101]"
4245271,[3448379]
4245281,[3449099]
4245731,[3867111]
4247901,[4105071]
4250951,[3981951]
4251671,"[3785779, 4098301, 4272081]"
4251771,[3576939]
4251781,[3757339]
4253211,[4241021]
4253221,[4241021]
4253231,[3956081]
4253241,[4015071]
4253281,"[3481819, 4241021, 4015071]"
4262221,"[4114601, 4275411, 4262321, 3992211]"
4275821,[3965191]
4275831,[3981921]
4275861,[3981921]
4275981,[3965191]
4276141,[4011061]
4288191,[4691751]
4288201,[4691541]
4297461,[3823061]
4298151,[3895001]
4298171,[3895001]
4298221,[3823061]
4299321,[3895001]
4301321,[4347131]
4311751,[4275581]
4314901,[3970171]
4315031,"[4192681, 3967311]"
4317571,[4403551]
4317591,[4160701]
4319821,[4221201]
4320841,[4378771]
4328331,[3965691]
4332541,[4276281]
4332551,[4275481]
4337331,"[4123531, 4015051, 4011061, 4276391]"
4337361,[3965021]
4337451,[3918011]
4337821,"[3917161, 4275361]"
4338001,[4275571]
4338021,[3992211]
4338331,[3720129]
4340081,"[3719489, 3691629]"
4352811,"[3939851, 4429821]"
4352831,"[4391991, 3939851]"
4352941,[4429821]
4352951,[3939851]
4352961,[3939841]
4353211,[4429821]
4353481,"[3939841, 4429821]"
4353491,[4429821]
4353501,[3939851]
4354941,[4198351]
4354951,[4198351]
4354961,[4105071]
4354971,"[3917081, 4214011]"
4354981,"[4105071, 4198351]"
4355081,[4365991]
4355101,[4105071]
4358821,[4118871]
4358831,[3917911]
4358851,[4118871]
4359081,"[4359771, 3886701]"
4359171,[4365991]
4359191,[4365981]
4359221,[3886701]
4359811,[4349551]
4366631,[4221091]
4366641,[3027738]
4366681,"[4221091, 4105071]"
4366941,"[4276281, 3931471]"
4366951,"[3931471, 3027738]"
4366961,[3931471]
4371271,[4458721]
4371291,[4038421]
4376551,"[4376351, 4376341]"
4376561,[4376451]
4376781,[4376481]
4376831,[4376471]
4377311,[4378331]
4381641,[4382851]
4381651,[3897531]
4381821,[4383071]
4381931,[4193111]
4382251,"[4383101, 4173771]"
4382261,[4383071]
4382371,[4193111]
4382401,[4383031]
4382491,[4383071]
4383411,[4383841]
4383451,[4383841]
4383461,[4383841]
4384451,[4064331]
4389211,"[4383071, 4198351, 4193111]"
4392491,[4429651]
4392511,[4429651]
4392551,[4403551]
4396141,[4349551]
4396151,[4173771]
4396171,"[4382191, 4382201]"
4401301,"[3997441, 4392811]"
4402081,"[4383031, 4378671, 3897531]"
4405921,"[4105071, 3955511, 4365991, 3992241]"
4408261,[3992161]
4417021,[4033551]
4417031,[4416791]
4417051,[4416771]
4418541,"[4101941, 3823121, 4098301, 3899021, 3926511]"
4418571,"[3992091, 3964991, 4292901, 3757339]"
4426771,[3897531]
4428861,[4275581]
4428871,"[3981921, 4275471]"
4428891,[4275491]
4428911,[4275471]
4428981,[4429811]
4436221,"[4221161, 4006781, 4198351, 3994361, 3918161, 3955421]"
4440971,[4441601]
4442601,[4444921]
4442611,[4444821]
4442621,[4444921]
4442661,[4444871]
4444111,"[3926511, 3899171, 3965081]"
4444121,"[3991801, 3970121]"
4444131,[4445211]
4444141,[4445331]
4444151,"[3956101, 4445201]"
4444211,"[4445341, 3918051]"
4449621,[3914621]
4449641,[3914781]
4461281,[3448999]
4464861,"[3991521, 4014631]"
4464891,[4588771]
4464901,"[4014631, 4588771]"
4464911,[3757399]
4477731,"[4015071, 4015041, 3917091, 3965201, 3926461, 4272171, 3965191]"
4478701,[4164401]
4505261,[3727039]
4660701,[3933311]
4691661,[4691751]
4707521,[3933911]
4745141,[3917161]
4939651,[4098301]
