top,bottom
1832163,[2553228]
1840083,[2928048]
2109937,[2787418]
2127347,"[2542348, 2378597]"
2127787,[2127387]
2145207,[2523938]
2319577,[2944318]
2320207,[2320247]
2329407,[2320247]
2332517,[2320247]
2356987,[2839468]
2357387,[2474288]
2357477,[2474288]
2369027,[2513208]
2378627,[2127487]
2398417,[2825778]
2401087,[2400967]
2401097,[2079197]
2401137,[2401067]
2401147,[2079187]
2401157,[2079197]
2411187,[2646568]
2417397,"[2594278, 2605758]"
2419407,[2419277]
2429298,[2605758]
2429308,[2430248]
2429328,[2579478]
2429808,[2579478]
2429828,[2527368]
2429838,[2833858]
2429848,[2833858]
2446358,[2756708]
2446428,[2724088]
2453388,[2453278]
2453448,"[2453298, 2882108]"
2455118,[2454648]
2455748,[2453308]
2461138,[2460868]
2461948,[2460868]
2462018,[2462058]
2462278,[2542478]
2463498,[2463548]
2463508,[2516178]
2464128,[2464158]
2464218,[2513248]
2464618,[2724088]
2468378,[2468398]
2468458,[2468508]
2468558,[2468498]
2470088,[2471018]
2470308,[2475118]
2475928,"[2475938, 2475918]"
2475958,[2475938]
2476808,"[2477018, 2690468]"
2476978,[2476828]
2477008,[2477018]
2477028,[2690468]
2477038,[2690468]
2477108,[2690468]
2477118,[2476788]
2477158,[2476788]
2478138,[2489938]
2478228,"[2542348, 2478128]"
2480448,[2480518]
2480458,[2468398]
2480578,[2480518]
2481228,[2808568]
2481458,[2481638]
2481508,"[2509828, 2918548]"
2481528,[2918518]
2481538,[2481638]
2481728,[2481638]
2484298,[2484318]
2488738,[2748768]
2488788,[2484278]
2489608,"[2488238, 2492088]"
2489868,[2671118]
2490118,[2753298]
2490288,[2490368]
2490328,[2490378]
2490578,[2492928]
2490628,[2493048]
2490758,[2492928]
2490768,[2652288]
2491218,"[2749808, 2944428, 2749828]"
2491258,[2564778]
2492058,"[2487068, 2749818]"
2492098,[2487068]
2492818,[2492998]
2492828,[2510588]
2492868,[2492958]
2492898,[2492928]
2493428,[2113317]
2493528,[2494818]
2494468,[2494168]
2495208,[2494818]
2495238,[2743198]
2495298,[2748698]
2495318,[2605758]
2496578,"[2502908, 2487078, 2487068]"
2497018,[2487058]
2497118,[2489938]
2499978,"[2500208, 2506318]"
2500028,[2513508]
2500038,[2605758]
2500358,[2546988]
2500458,[2639448]
2500468,[2500138]
2500478,[2562708]
2500678,[2500528]
2500868,[2563398]
2502458,[2494148]
2502968,[2553558]
2502988,[2645738]
2503058,[2666348]
2503068,"[2639448, 2583818]"
2503088,"[2935938, 3029428]"
2503208,"[2808548, 2913708]"
2503818,[2617528]
2505798,[2506308]
2507308,[2522078]
2507318,"[2511878, 2546988]"
2507428,[2511878]
2507478,"[2513208, 2507538]"
2509918,[2519968]
2509928,[2762588]
2510008,[2320247]
2510028,[2320247]
2511498,[2511888]
2511898,[2113317]
2511928,[2594278]
2511958,[2511888]
2512418,"[2512438, 2660838]"
2512428,[2697708]
2512558,[2911468]
2513008,[2453308]
2513498,"[2945518, 2511878]"
2514898,[2417377]
2515428,[2490368]
2515738,[2818938]
2516008,[2516028]
2516058,[2579408]
2516338,[2924218]
2516348,[2516028]
2518318,[3559699]
2518388,[3069138]
2519038,[2518578]
2520048,[2708838]
2520368,[2480608]
2521798,"[2550168, 2550158]"
2522178,[2605748]
2522278,[2522098]
2522288,[2522088]
2523228,[2523938]
2523468,[2523668]
2523538,[2762638]
2523558,[2523668]
2523568,[2748078]
2524498,"[3123638, 2493058]"
2524608,[2720858]
2526488,[2526498]
2527148,[2527428]
2527238,[2527428]
2527248,[2527368]
2528598,[2528508]
2534098,[2534108]
2535258,[2537338]
2536788,[2538038]
2538208,"[2762618, 2833128, 2932468, 2538358]"
2538338,[2833128]
2538628,[2538158]
2538658,[2605708]
2542028,[2546988]
2542098,[2542558]
2542238,[2542558]
2542318,[2542348]
2542358,[2804978]
2542568,[2542488]
2545618,[2588048]
2545688,[2553208]
2545918,[2320247]
2545928,[2546128]
2545948,[2605068]
2546028,[2320247]
2548288,[2608158]
2549218,[2561798]
2549528,[2549408]
2549538,[2549398]
2551698,[2576258]
2551758,[2642568]
2551958,[2555288]
2552198,[2592108]
2552248,[2576258]
2552258,[2765498]
2552388,[2555298]
2552398,[2667438]
2552518,"[2544798, 2605758, 2707768]"
2552538,[2576258]
2552578,[2553868]
2552598,[2639448]
2552638,[2707768]
2552698,[2550098]
2552718,[2629158]
2552748,[2544778]
2552908,"[2724088, 2528508, 2639448]"
2552928,[2765488]
2553328,[2135167]
2553398,[2629178]
2553848,"[2544818, 2553868]"
2553938,[2799118]
2554048,[2553868]
2554118,[2553228]
2554128,[2553228]
2554428,[2553198]
2555038,"[2605708, 2544798]"
2555048,[2548458]
2555058,[2639448]
2555078,"[2707768, 2135167, 2842438]"
2555098,[2555308]
2556518,[2617698]
2556538,[2556808]
2556618,[2503928]
2556848,[2538038]
2557058,"[2748088, 2630518]"
2557138,[2453308]
2557528,[2642038]
2557538,[2790468]
2563508,[2508398]
2563528,[2666348]
2563538,[2724018]
2563558,"[2724008, 2667438]"
2563568,[2523668]
2563638,[2562708]
2563698,"[2512448, 2927978, 2793918, 2913448]"
2564618,[2564698]
2565428,[2559788]
2566128,[2802818]
2566138,[2493048]
2566158,[2565328]
2566178,[2546988]
2566298,[2565238]
2566308,[2565208]
2566348,[2463448]
2566478,[2463448]
2568748,"[2724028, 2842268]"
2568788,[2748108]
2568798,[2605758]
2568808,[2605758]
2569918,[2613668]
2570038,[2613668]
2570648,[2613718]
2570698,[2562718]
2570738,[2562708]
2571288,[2563588]
2571388,[2605758]
2571428,[2562708]
2571778,[2512468]
2572538,[2576528]
2572618,[2576248]
2574368,[2576488]
2579198,[2903268]
2579838,[2579478]
2580048,[2579478]
2580118,[2578028]
2581648,[2453318]
2581868,[2582508]
2581908,[2582508]
2582008,[2579488]
2582238,[2579488]
2582688,[2579478]
2582848,[2579478]
2582948,[2576528]
2583248,[2565198]
2584148,[2555868]
2585628,[2756708]
2585778,[2587678]
2585788,[2587678]
2585838,[2587678]
2586808,[2790458]
2587248,[2588048]
2587258,[2588008]
2587298,[2588008]
2587418,[2588008]
2587558,[2555298]
2587858,[2588018]
2587898,[2588018]
2591778,[2623458]
2591898,[2592058]
2591948,[2592138]
2592878,[2596288]
2593058,[2587678]
2593088,[2587678]
2593118,[2587678]
2593138,"[2587598, 2961528, 2746478]"
2594198,[2672438]
2594258,[2594298]
2595718,[2487068]
2596268,[2596328]
2598688,[2598588]
2600398,[2579478]
2604578,[2491428]
2605058,"[2547018, 2707768]"
2605098,[2605068]
2605168,[2549398]
2605318,[2576528]
2606648,[2785278]
2607188,[2378897]
2607208,[2419287]
2607228,[2748108]
2607318,[2785298]
2607538,[2799108]
2608788,[2833858]
2609028,[2605738]
2611178,[2592108]
2611238,[2565318]
2613018,[2608138]
2614958,"[2865268, 2594278, 2952268, 2913458]"
2616338,"[2594078, 2503928]"
2617458,"[2707658, 2617518]"
2617488,[2513558]
2618098,[2519968]
2621338,[2335357]
2622668,[2622328]
2623478,[2623638]
2623488,[2623458]
2623688,"[2811568, 2765898]"
2623698,"[2896088, 2569008, 2492928, 2952278]"
2623848,[2596328]
2623858,[2623458]
2623878,[2492928]
2624388,[2624608]
2624778,[2624658]
2625608,[2553218]
2625688,[2750178]
2625728,[2779958]
2627838,[2630518]
2628948,[2517628]
2630018,[2682438]
2630168,[2714108]
2630398,[2500958]
2630588,[2503928]
2630658,[2628908]
2630668,"[2952178, 2816568]"
2630828,[2629178]
2630848,[2592048]
2630998,[2778398]
2631568,[2631328]
2632358,[2632408]
2632388,[2790458]
2632468,[2790458]
2632498,[2692798]
2633698,[2707768]
2634968,[2783508]
2635668,[2605758]
2635678,[2522078]
2635948,[2787448]
2635978,[2720868]
2636038,[2500958]
2636878,"[2636788, 2636168]"
2637258,[2419277]
2638138,[2492958]
2638158,[2419287]
2638168,[2113317]
2638758,[2579478]
2639538,[2576248]
2639548,[2576488]
2641908,[2642038]
2641958,[2453188]
2641968,[2707768]
2642008,[2557178]
2643168,[2820528]
2643188,[2642568]
2643358,[3278379]
2643538,[2596288]
2643548,"[2503898, 2762628, 2642568, 2815998, 2771458]"
2643588,[2642568]
2643788,[2608158]
2644508,[2493048]
2644518,[2492928]
2645558,[2633578]
2645678,[2645738]
2646028,[2709328]
2646168,[2646488]
2646238,[2565628]
2646258,[2646458]
2647348,[2646488]
2647368,[2646508]
2647398,[2646508]
2647418,[2646508]
2647448,[2487048]
2648058,[2592118]
2651898,[2643928]
2651928,"[2643938, 2765618]"
2662548,[2662708]
2666238,[2493028]
2666308,[2468508]
2667208,[2596328]
2667218,[2555868]
2667418,[2667438]
2670168,[2523668]
2671098,[2417377]
2675128,[2468508]
2679218,[2682438]
2682658,[2802888]
2687278,[2686998]
2687288,[2686988]
2687348,[2755958]
2689428,[2689848]
2689438,[2689848]
2689918,[2755138]
2690018,[2548438]
2690508,[2833128]
2690578,[2134137]
2690588,[2134137]
2690608,[2134137]
2691128,[2727388]
2691168,[2756708]
2695558,"[2762358, 2587678, 2695918]"
2696028,[2787448]
2699138,[2699108]
2699388,"[2808838, 2453308]"
2704748,[2553868]
2705028,[2553868]
2705048,[2708478]
2706768,[2757538]
2706878,"[2503908, 2707768]"
2706968,[2707558]
2706978,[2605708]
2710568,[2623458]
2710978,[2513558]
2713338,[2829768]
2713368,[2630208]
2714568,[2756458]
2714638,"[2816588, 2755948]"
2715998,[2646508]
2720438,[2524648]
2720498,[2720868]
2720508,[2720868]
2721448,[2777508]
2721508,[2777498]
2721528,[2777498]
2721548,[2775838]
2721558,[2830608]
2736518,[2537338]
2737278,[2576248]
2737288,[2578478]
2741348,[2335357]
2741378,[2755958]
2741478,[2723988]
2741508,[2755948]
2741558,[2335357]
2741598,[2755958]
2742888,[2343497]
2743188,[2865968]
2744728,[2596328]
2744738,"[2817178, 2605708]"
2744818,[2748108]
2745308,[2491128]
2746238,[2531218]
2746468,[2762648]
2746828,[2522388]
2747268,[2790468]
2748198,[2511078]
2748208,[2752518]
2748518,[2500958]
2748918,[2517628]
2750058,[2750188]
2750248,[2500958]
2750558,[2723988]
2750738,[2842288]
2751778,[2642568]
2751888,[2519968]
2751908,[2509848]
2751968,[2642568]
2751978,"[3014798, 2519968]"
2751988,[2509848]
2751998,[2752008]
2752238,[2752008]
2752248,[2509828]
2752258,[2519968]
2752578,[2548598]
2753208,[2790468]
2753768,[2753728]
2753778,[2494818]
2753798,[2753728]
2753828,[3183009]
2753838,[2753358]
2757118,[2544798]
2757348,[2666348]
2758008,[2830188]
2760968,[2761028]
2760998,[2761018]
2761008,[2761028]
2762278,[2794458]
2762498,[2707558]
2762548,[2507538]
2762708,[2749838]
2762728,[2749838]
2762748,[2882098]
2762778,[2749858]
2765368,[2820628]
2765398,"[2623458, 2579268]"
2765408,[2535088]
2765558,[2765648]
2767158,[2592048]
2768018,[2468498]
2768028,[2783508]
2768628,[2768618]
2769948,[2770098]
2769958,[2752008]
2770228,[2944368]
2770718,[2783008]
2771388,[2553228]
2771398,[2553228]
2771548,[2771368]
2771568,[2771368]
2771578,[3077538]
2773898,[2588018]
2774158,[2588018]
2774248,[2935938]
2774358,[2774428]
2774368,[2774438]
2774408,[2774308]
2774418,[2587678]
2774958,"[2727388, 2832768]"
2775678,[2775828]
2775778,[2775758]
2776078,[2793908]
2776088,[2755958]
2776368,[2794078]
2776488,[2776448]
2776508,[2777318]
2776558,[2783008]
2776578,[2794128]
2776808,[2468548]
2776848,[2776818]
2776968,[2565318]
2777358,[2777508]
2777368,[2777498]
2777378,[2776288]
2777388,[2829688]
2777448,[2777238]
2777458,[2775348]
2777548,[2777248]
2777568,[2777238]
2778898,[2780588]
2779348,[2780278]
2779458,[2779618]
2779548,[2779858]
2780608,[2778948]
2780688,[2776528]
2781348,[2723988]
2781368,[2523658]
2781568,[2531218]
2781878,[2781738]
2782348,"[2596328, 2666348]"
2782408,[2781478]
2782538,[2562608]
2782558,[2774428]
2782648,[2780838]
2783048,[2587678]
2783528,[2913108]
2783598,[2784968]
2783678,[2824228]
2783728,[2596328]
2783808,"[2492928, 2952228, 2748008, 2756868]"
2783858,[2842278]
2783918,[2842258]
2783978,[2824228]
2784278,[2747998]
2784488,[2820528]
2784628,[2787448]
2784778,[2787458]
2784798,[2513208]
2785148,[2662708]
2785158,[2816588]
2785188,[2643938]
2785198,[2777728]
2785398,[2553868]
2787178,[2695908]
2787338,[2787348]
2787478,[2513248]
2787508,[2784808]
2787598,[2594078]
2787608,[2787528]
2789458,[2820528]
2790598,[2790468]
2790618,[2790458]
2791698,[2453288]
2792208,[2747998]
2792608,[2135167]
2792618,[2135167]
2793648,[2793228]
2794088,"[2882088, 2793908]"
2794308,[2788738]
2794318,[2788738]
2794358,[2793218]
2794558,[2794448]
2795028,[2720868]
2795038,[3001978]
2795318,"[2553208, 3184999]"
2796248,"[2553208, 2790278]"
2796458,[2587678]
2796468,[2542348]
2796538,"[2587678, 2636788, 2825778]"
2796578,[2553918]
2797498,[2378897]
2797568,[2794458]
2797588,"[2943848, 2828058]"
2797728,[2797678]
2798228,[2793918]
2801768,[2493068]
2801928,[2804128]
2804178,[2605758]
2804198,[2799108]
2804578,[2519968]
2804598,[2777508]
2805128,[2542478]
2805138,"[2804978, 2542478]"
2805178,[2804978]
2806378,[2747998]
2807988,[2642568]
2808148,[2503928]
2808228,[2723988]
2808328,[2808548]
2808338,"[2903248, 2503928, 2808548]"
2808368,[2503928]
2808438,[2503898]
2809858,[2936078]
2810218,[2811388]
2810858,[2596288]
2810868,[2811388]
2810908,[2825778]
2811068,[2820338]
2811098,[2810668]
2811178,"[3184999, 2820338]"
2811248,[2820338]
2811308,[2810668]
2811328,[2810678]
2811818,[2811578]
2811858,[2811568]
2811898,"[2944348, 2729318]"
2812228,[2522078]
2812288,[2724078]
2812308,[2605758]
2812348,[2605758]
2812358,[2522078]
2812418,[2605758]
2814408,[2786198]
2815898,[2537338]
2816198,[2646458]
2816738,[2752518]
2817278,[2817238]
2818078,[2576258]
2818158,[2817898]
2818208,[2686088]
2818288,[2786168]
2818808,[2816558]
2818978,[2752518]
2818988,[2911468]
2819028,[2515468]
2819038,[2523938]
2819258,[2818938]
2820578,[2820518]
2820598,[2820538]
2821598,[2807998]
2821628,[2821528]
2822648,[2833138]
2823028,[2823008]
2823958,"[2811478, 2903268]"
2824028,[2820628]
2824148,[2765478]
2824248,[2824228]
2824288,"[2547168, 2515158]"
2824318,[2515158]
2824398,[2765478]
2825308,[2825278]
2829738,[2785258]
2830238,[2821568]
2830268,[2778398]
2830528,[2830538]
2830578,[2592058]
2831378,[2833858]
2831438,[2605758]
2831448,[2605758]
2831908,[2623638]
2832288,[2831808]
2832788,[2523668]
2835768,"[2521158, 2500608]"
2836478,[2520898]
2841048,[3513349]
2848558,[2997808]
2851428,[2988468]
2851438,[3119268]
2851488,[3002878]
2851498,[2935938]
2851508,[3064798]
2862358,[2756708]
2865128,[2724088]
2865148,[2865188]
2865548,[3014808]
2875478,[2417377]
2877258,[2487068]
2877338,[2519968]
2877758,[2913098]
2882208,[2953098]
2882228,[2724028]
2882258,[2913098]
2882768,[2495188]
2883378,[2508398]
2884528,[2884368]
2884568,[2884438]
2884628,[2884438]
2884778,[2884358]
2884788,[2935938]
2884808,[2991828]
2891668,[3183579]
2892128,[2891988]
2892188,[2988488]
2894058,[2893858]
2894848,[3026448]
2894868,[2894908]
2895098,[2911468]
2895548,[3074308]
2895908,[2903248]
2895928,[2730988]
2895978,[2899978]
2895988,[2730988]
2895998,[2454648]
2896008,[2631328]
2897348,[2911538]
2897358,[2944148]
2898188,[2804978]
2898378,[2913708]
2898918,[2899218]
2899048,[2814848]
2899058,[2899208]
2900148,[3077538]
2900178,[2903918]
2900238,[2997818]
2901248,[2643938]
2901258,[2944368]
2901328,"[2492928, 2959938]"
2901348,[2913468]
2902448,[2833138]
2902458,[2913708]
2903308,[2538358]
2903368,[2748958]
2903718,[3243979]
2903738,"[3023848, 2958878]"
2904108,[2524648]
2904138,[2749808]
2904388,"[2475938, 2935938]"
2905888,[2944368]
2907158,[2908268]
2907178,[3353399]
2907188,[3183459]
2907318,[2492928]
2907548,[2908858]
2907558,[2784808]
2907568,[2787448]
2907658,[2958838]
2907778,[3186789]
2907788,[2492928]
2907828,[3183589]
2907888,[2908438]
2907968,[2908268]
2907978,[3077538]
2907988,[3001138]
2907998,[2908858]
2908048,[2896098]
2908068,[3014818]
2909528,[2997818]
2911178,[3041978]
2911808,[3119268]
2911868,[2893848]
2911888,[2911538]
2911898,[2666348]
2911908,[2911548]
2911918,[2643938]
2912038,[2911468]
2912378,[2935938]
2912468,[2918548]
2913598,[2724018]
2913888,[3042728]
2914188,[3198109]
2914258,[2953098]
2915198,[2730988]
2915218,[2915318]
2915268,[2915318]
2916598,[2951078]
2916998,[2917098]
2917018,[2917138]
2918278,[3004238]
2918298,[3077538]
2920638,[2908588]
2921268,[2911468]
2921918,[3023698]
2922098,[3023848]
2922418,[2919628]
2922758,[2516178]
2923028,[2516178]
2923068,[2988488]
2924008,[2923468]
2924068,[2936088]
2924088,[3023728]
2924188,[2988298]
2926618,[2926628]
2929468,[3539919]
2929558,[3539879]
2932678,[3002878]
2932688,[2932458]
2933138,[2935938]
2935138,[2935938]
2935148,[2912368]
2935208,[2935938]
2936028,[2524648]
2937808,[2764918]
2938928,[2804978]
2938968,[3236649]
2940598,[3014818]
2941218,[2944128]
2941618,"[3064948, 3077538]"
2941648,[2942128]
2941658,[2944038]
2942478,[3004238]
2943968,[2944758]
2944178,[2941008]
2944698,[2924608]
2944748,[2924238]
2944818,[2950458]
2945168,[2945438]
2945558,[3173539]
2947408,[2896078]
2948348,"[2938658, 2805088]"
2949818,[2950348]
2950318,[2958838]
2950778,[2987958]
2951038,[2936078]
2951088,[2936078]
2957588,[2723988]
2957598,[2723988]
2958008,[2779858]
2960818,[2779958]
2960848,[2779958]
2971158,[3671619]
2971358,[2923528]
2971878,[3231539]
2980658,[2980758]
2980688,[2895348]
2983848,[2808548]
2983858,[2985188]
2985168,[2808548]
2988748,[2666348]
2990258,[3037438]
2990328,[2997808]
2991578,[2913468]
2991798,[2904398]
2993188,[3041978]
2993198,[2911458]
2993608,[2935938]
2993698,[3001158]
2994868,[2998618]
2994898,[2997808]
3000448,[2911568]
3000488,[3023698]
3000498,[3042818]
3000548,[3000598]
3001748,[3022288]
3002378,"[2911458, 3000598]"
3002698,[3002728]
3002708,[3002878]
3002718,[3002868]
3003168,[3167679]
3004718,[2902628]
3004898,[3213409]
3014048,[2935918]
3014108,[2925878]
3014538,[3023698]
3021138,[3433369]
3021798,[3014858]
3021858,"[3539919, 3023848]"
3022138,[3023698]
3022578,"[3023848, 3004238]"
3024048,[3054948]
3024138,[3000618]
3024228,[3433339]
3025368,[3042938]
3025938,[3000618]
3026058,[3044778]
3026298,[3026368]
3027448,[2788738]
3027488,[3077538]
3028318,[2925878]
3034128,[3184009]
3036638,[3253579]
3036848,[2950348]
3037588,[3037538]
3043118,"[3042958, 2911568]"
3044838,[3004238]
3046928,[3184029]
3048148,[3000598]
3049428,[3167679]
3051658,[3051878]
3056278,[3014858]
3057858,[2936078]
3058478,[3058268]
3059178,[3059158]
3059558,[3051338]
3059698,[2911458]
3059738,[3074308]
3060178,[2911458]
3060338,[2960418]
3064238,"[3037728, 3002868]"
3064978,[2932458]
3065028,[3065238]
3065058,[3673079]
3065088,[2851448]
3065108,[3042818]
3065628,"[2911468, 3064788]"
3075938,[3218529]
3076688,[3077538]
3077738,"[3353459, 2748958, 2882128, 3678059, 2927958, 3183589, 2508398, 3165249]"
3077758,"[2517628, 2524648, 3183599, 2945128]"
3084908,[2988488]
3091318,[3513419]
3092228,[2901108]
3102638,[3090458]
3119248,[2970228]
3121048,[2950618]
3126648,[2993788]
3129498,[3019448]
3142368,[3142698]
3144148,[3144228]
3148798,[3417889]
3153008,"[3029268, 3253579]"
3153128,[2961768]
3155218,[2936048]
3156338,[2908228]
3160148,[3014858]
3161828,[3182659]
3162778,[3162688]
3168269,[3014858]
3168349,[2727388]
3169759,[3169979]
3176559,[3019468]
3176589,[2951078]
3176639,[3193599]
3182269,"[3335089, 3340799]"
3190139,[3190269]
3191679,[3194059]
3191719,[2991528]
3193519,[3193599]
3196669,[3065578]
3198179,[3022288]
3198299,[3022288]
3199289,[3167679]
3199899,[3024918]
3201909,[3056608]
3202669,[3202439]
3202699,[3196689]
3203359,[2946148]
3205159,[3205669]
3205249,[3177459]
3205829,[3206119]
3205969,[3206119]
3213929,[3004228]
3213969,[3203009]
3214329,[3023728]
3214849,[2936088]
3214909,[2936088]
3216869,[3273019]
3217989,"[3149628, 3192449]"
3219479,[2944278]
3220999,"[3221139, 3212439]"
3221069,[3143798]
3221729,[2909558]
3221959,[2993788]
3227329,[3232979]
3231209,[3041978]
3231219,[3202249]
3231489,[3231519]
3231509,[3231579]
3233979,"[3234089, 3245669]"
3234329,[3234829]
3234479,[2923698]
3236439,[3226469]
3238609,[3370149]
3240239,[3240299]
3240749,[3196409]
3243379,[3243439]
3243399,[3243439]
3246169,[3026438]
3247969,[3231579]
3249019,[2903248]
3249069,[2894908]
3249099,[2946638]
3250349,[2493048]
3251699,[3419009]
3252839,[3252819]
3255779,[3019468]
3257209,[2790278]
3257219,[2493048]
3257259,[2631328]
3259449,[3259469]
3261279,[2960418]
3261289,[3570459]
3266769,[2944128]
3272119,[3206039]
3282079,[2903248]
3298079,"[3545849, 3365319]"
3298109,[3362669]
3301289,[3301219]
3301459,[3301889]
3301479,[3301859]
3301649,[3301889]
3301829,[3387379]
3316269,[3596129]
3316279,[2997808]
3316349,[2997808]
3316609,[2851448]
3321009,[3639489]
3333829,[3334079]
3338479,[3338349]
3339439,[3498119]
3339939,"[3670149, 3415079]"
3339949,[3340699]
3340109,[3340829]
3340679,[3341099]
3340779,"[3341089, 3340869]"
3345669,"[3918961, 3918911]"
3346019,[3593139]
3349469,[3379819]
3349999,[3350159]
3350029,"[3350149, 3353309]"
3352269,[3352479]
3352389,[3352489]
3352849,[3370149]
3352879,[3353209]
3353039,[3353209]
3353049,[3353199]
3354239,[3476579]
3359029,[3365299]
3359959,[3365299]
3360479,[3638139]
3361979,[3426309]
3362129,[3362699]
3362209,[3362679]
3362399,[3362739]
3362449,[3362669]
3362519,[3362679]
3362559,[3362689]
3363659,[3365269]
3364229,[3365239]
3367689,[3367679]
3367729,"[3297929, 3367659]"
3369399,[3476579]
3369519,[3463029]
3369799,[3462269]
3369839,[3339409]
3369909,[3370099]
3372439,[3599069]
3372749,[3448789]
3372819,[3463029]
3373079,[3378019]
3373149,[3372539]
3373189,[3365299]
3375519,[3378119]
3375539,[3378119]
3375689,[3377979]
3375829,[3378149]
3375859,[3767799]
3375889,[3378159]
3375899,[3377979]
3376109,[3377979]
3376669,[3377949]
3377299,[3378119]
3377549,[3689549]
3379289,[3404979]
3379429,[3463029]
3379449,[3463029]
3379469,[3353229]
3379499,[3378019]
3379609,[3689549]
3379619,[3689549]
3379629,[3353229]
3379729,[3378149]
3384239,[3386199]
3384459,[3365299]
3384549,[3353199]
3384589,[3384879]
3384709,[3620659]
3384779,[3384719]
3386629,[3568699]
3386669,[3440479]
3388029,[2987098]
3388049,[3388129]
3388059,[3388129]
3388859,[3255829]
3388929,[3387439]
3388959,[3387369]
3388999,[2879648]
3389049,[3255829]
3389189,[3389089]
3389249,"[3534039, 3440089]"
3389259,"[3342579, 3534039, 3640269]"
3389269,[3440479]
3389289,"[3682129, 3350149]"
3389469,"[3709359, 3426809, 3389379, 3673019]"
3389479,[3670029]
3389559,[3387379]
3390239,[3390089]
3390269,[3037568]
3392709,[3393069]
3392719,[3365269]
3392739,[3393099]
3392779,[3426309]
3392929,[3393189]
3392939,[3393139]
3392979,[3365269]
3392989,[3689549]
3393039,[3393099]
3393059,[3393089]
3393889,[3440479]
3393999,[3440469]
3394109,[3440479]
3394759,[3370049]
3395189,[3640279]
3395389,[3851941]
3395429,[3395449]
3396139,[3640629]
3396449,[3463029]
3396459,[3378159]
3396739,[3396839]
3396779,[3393089]
3397069,[3397129]
3398789,[3399279]
3398849,[3449019]
3398859,[3362669]
3398889,[3362669]
3398909,[3449019]
3398939,[3362739]
3398949,[3399279]
3398959,[3399259]
3398989,[3362739]
3399029,"[3491649, 3362679]"
3400409,[3370049]
3405339,"[3406949, 3407279]"
3405389,[3407149]
3406369,[3406989]
3406579,[3584089]
3406769,[3406989]
3406859,[3578789]
3406939,[3417889]
3407169,[3404979]
3407209,[3404949]
3407219,[3408529]
3407339,[3415069]
3407419,[3599069]
3409929,"[3410789, 3427019]"
3410029,[3463029]
3410079,[3414519]
3411379,[3408419]
3411389,[3639769]
3411749,"[3393129, 2936078, 3426239]"
3411759,[2936078]
3411769,[3414519]
3412519,[3413119]
3413479,[3341199]
3413499,[3413119]
3414349,[3490959]
3416019,[3367659]
3417559,[3578799]
3419409,[3462269]
3422099,"[3757279, 3708389]"
3423699,[3696009]
3423719,[3423629]
3425409,[3386199]
3425429,[3386199]
3425469,[3386199]
3425509,[3386199]
3427169,"[3426989, 3384679]"
3427909,[3425639]
3429599,[3490949]
3430139,"[3430319, 3430149]"
3430199,[3430149]
3430219,[3804069]
3430249,[3430339]
3430469,[3430149]
3431669,[3568749]
3431709,"[3431759, 3709459]"
3432379,"[3637779, 3682089]"
3433069,"[3432969, 3432959]"
3433079,"[3812909, 3812879]"
3433139,[3432969]
3433169,[3621949]
3435179,[3433549]
3436159,[3451569]
3436209,[3488359]
3436239,"[3386779, 3386789]"
3442169,[3477999]
3448259,[3448789]
3448349,[3449019]
3450569,[3450799]
3450719,[3450589]
3451009,[3259469]
3455599,[3455869]
3456459,[3486009]
3457839,[3463139]
3457859,"[3350319, 3463029]"
3458369,[3458509]
3459099,[3463029]
3459249,[3463029]
3460179,[3460129]
3460199,[3377979]
3460399,[3471479]
3460409,[3419559]
3460639,[3419549]
3460649,[3515869]
3460759,"[3599069, 3544249]"
3460769,[3486619]
3460799,[3590559]
3461879,[3413119]
3461909,"[3563089, 3599069, 3365189]"
3462389,"[3732309, 3486619, 3739359, 3669759]"
3463469,[3378009]
3463479,[3463769]
3463679,"[3732319, 3378019]"
3463689,"[3763269, 3534039]"
3471209,"[3379849, 3471449, 3471479]"
3471229,[3393069]
3471239,[3430149]
3471269,"[3471499, 4340081]"
3471279,[3455799]
3471309,[3455799]
3471349,"[3471499, 3801309]"
3471369,[3471409]
3471379,"[3471399, 3640509]"
3471439,[3463139]
3471699,[3393069]
3476479,[3389409]
3476689,[3476559]
3476849,[3571069]
3477749,[3423649]
3479479,[3796399]
3479529,[3557249]
3480079,[2991828]
3480139,[3200069]
3480179,[3480719]
3482099,[3483059]
3483819,[3534019]
3484249,"[3554499, 3259469]"
3484269,"[3554469, 3370149]"
3484309,[3471409]
3484649,[3471479]
3484689,[3515939]
3484979,[3500509]
3485529,[3486549]
3485539,[3486869]
3485699,"[3812819, 3669989, 3682079, 3682049, 3812779, 3812799, 3812929, 3850001]"
3485719,[3640549]
3485769,[3400549]
3485889,[3486599]
3486049,[3393109]
3486909,"[3540279, 3669739]"
3487149,[3367659]
3488749,[3387379]
3488769,[3384719]
3488789,[3387379]
3488849,"[3666559, 3440469]"
3489259,[3488679]
3491469,[3486879]
3492059,[3490959]
3494229,[3729419]
3496619,[3367679]
3496769,[3496609]
3497059,[3786169]
3497119,[3476579]
3497729,[3367659]
3497799,[3462269]
3497839,[3462269]
3498929,[3259469]
3500239,[3433299]
3500689,[3689549]
3501439,[3488359]
3502569,[3334089]
3506399,"[3539759, 3515639]"
3506519,[3486629]
3506729,[3539859]
3506799,[3508119]
3506849,[3508089]
3506999,[3539759]
3507059,[3507969]
3507189,[3539729]
3507219,"[3499049, 3539759]"
3507739,[3507959]
3511779,[3500509]
3514259,[3490959]
3519019,[3379859]
3519179,[3379929]
3519299,[3519769]
3525019,[3525439]
3525099,[3599069]
3525149,[3520759]
3525159,[3377979]
3530799,[3486879]
3531699,[3419549]
3532849,[3350189]
3533589,[3534039]
3533859,[3450589]
3533929,[3534039]
3535269,[3434779]
3535579,[3350539]
3535599,[3578829]
3535649,[3350539]
3537919,[3393089]
3538219,[3538239]
3539069,[3538239]
3539119,[3538239]
3540379,[3540309]
3543339,[3426189]
3543669,[3440029]
3544129,[3544299]
3544199,[3543919]
3544219,[3543919]
3544409,[3543919]
3544549,[3543919]
3544559,[3543929]
3547559,[3592429]
3547609,[3592429]
3551289,"[3537259, 3570059]"
3551349,[3599069]
3551819,"[3601159, 3736519]"
3551899,[3520759]
3553029,[3259469]
3553079,[3715829]
3553169,[3715829]
3554219,[3554889]
3554239,[3554879]
3555039,[3755739]
3555829,[3555819]
3556689,[3557129]
3556749,[3557029]
3556859,[3389409]
3556979,[3450589]
3557349,[3639949]
3560879,[3599069]
3561389,[3389409]
3561399,[3389409]
3562399,[3562419]
3562899,[3599069]
3563139,[3377979]
3563389,[3661109]
3563569,[3570459]
3563609,[3334099]
3565449,[3595969]
3568449,[3789589]
3578279,[3578789]
3581949,[3599069]
3582259,[3379859]
3582309,[3393089]
3582669,[3350149]
3582719,[3540309]
3583919,"[3595969, 3689549, 3258779, 3470329]"
3583929,"[3689549, 3802699]"
3583939,"[3639489, 3377979]"
3583949,[3377979]
3583959,[3689549]
3584099,[3689549]
3584119,[3377979]
3584309,[2936078]
3584369,[3377979]
3584449,[2936078]
3584499,[2936088]
3584509,[2936088]
3584579,[2936078]
3584599,[2936088]
3584649,[2936078]
3588729,[3596109]
3589259,[3754379]
3589509,[3581639]
3590249,[3790879]
3591129,[3486879]
3592269,[3766549]
3592569,[3593119]
3594849,[3595549]
3595019,[3595579]
3595649,[3595549]
3596409,[2935938]
3596449,[3471399]
3597869,[3539899]
3597919,[3427299]
3598869,[3599069]
3598899,[3389179]
3598939,"[3665749, 3578839, 3621999]"
3598979,[3426829]
3598989,"[3599069, 3397199, 3426209]"
3598999,"[3427029, 3426839]"
3599149,[3599069]
3599169,[3599069]
3599579,[3486389]
3599919,[3729199]
3600789,[3545829]
3600909,[3607579]
3601459,[3486389]
3607229,[3365319]
3610639,[3367659]
3610669,[3393089]
3610749,[3449019]
3611629,[3663149]
3611679,[3544299]
3611799,[3419539]
3617059,[3379969]
3620509,[3620549]
3620709,[3544299]
3620839,[3544299]
3621609,[3621999]
3621629,[3350189]
3621699,[3775069]
3621739,[3621989]
3621839,[3350539]
3629969,[3630029]
3630049,[3728759]
3636979,[3440479]
3637009,[3387379]
3637029,[3637279]
3637049,[3440479]
3637559,[3365299]
3641549,[3735399]
3647619,[3234979]
3660079,[3378159]
3660189,[3430339]
3660909,[3396539]
3667539,[3544299]
3667569,[3649319]
3667579,[3709359]
3667779,[3544299]
3667789,[3554469]
3669699,[3713919]
3669709,"[3670569, 3380019]"
3671439,[3671379]
3678649,[3755639]
3685349,[3143798]
3686669,[3686699]
3689119,[3689549]
3689129,[2936078]
3689269,[3689539]
3689369,[2936088]
3689399,[2936078]
3690179,[3698049]
3690189,"[3698049, 3698039]"
3690239,[3698049]
3691789,[3367679]
3692089,[3259469]
3692259,[3259469]
3695779,[3434039]
3695799,[3423569]
3696929,[3471499]
3698649,[3698779]
3700519,[3790899]
3700599,[3790879]
3701359,[3696969]
3701449,[3801309]
3701469,[3709539]
3701759,[3755639]
3701789,[3701959]
3702969,[3706369]
3703279,"[3777169, 3703049]"
3703419,[3704389]
3703529,[3704359]
3703609,[3704449]
3704729,[3393089]
3706529,[3706649]
3707289,[3715829]
3707299,[3715829]
3707399,[3554469]
3707479,[3715829]
3707489,[3258779]
3707779,[3707879]
3707799,[3707869]
3707829,[3707869]
3708739,[3708719]
3709189,[3702129]
3709489,[3709559]
3709509,[3440469]
3709549,[3802459]
3709619,[3709679]
3710519,[3710469]
3710549,[3440479]
3710589,[3487349]
3711009,[3621949]
3713359,[3713649]
3714569,[3714609]
3715219,[3258779]
3715249,[3258779]
3715309,[3715829]
3716189,[3689919]
3720969,[3433129]
3721009,[3802699]
3722559,[3345729]
3723669,[3019438]
3724719,[3770829]
3724749,[3770869]
3726659,[3726819]
3727249,[3345839]
3727339,[3357889]
3728799,[3384889]
3728839,[3729199]
3728909,[3728759]
3728959,[3728949]
3728989,[3728979]
3729169,[3729189]
3729269,[3729009]
3730169,[3450589]
3730199,[3769659]
3730389,[3450589]
3732219,[3732359]
3732229,[3732359]
3732339,[3378009]
3734449,[3735569]
3734959,[3755739]
3735149,[3630009]
3736059,[3525429]
3736149,[3584059]
3736169,[3774879]
3737839,[3737859]
3739039,[3384879]
3739049,[3413119]
3739499,[3514159]
3739509,[3739469]
3739519,[3739469]
3739759,[3782199]
3744389,[3743969]
3744489,[3463029]
3744689,[3743969]
3749089,[3748839]
3750339,[3750439]
3750409,"[3750439, 3362669]"
3750419,[3362739]
3750769,[3754169]
3750839,[3700019]
3750849,[3790879]
3751059,[3729539]
3751379,[3754379]
3751489,[3790899]
3751799,[3790899]
3751929,[3754279]
3751939,[3378149]
3752269,[3405859]
3754349,[3362739]
3754529,[3400549]
3754899,[3754939]
3756859,[3756819]
3757059,[3365239]
3757069,[3542659]
3757089,[3545829]
3757099,[3757259]
3757119,[3757269]
3758119,[3758259]
3758139,[3758259]
3758199,[3758259]
3759769,[3769399]
3762059,[3762269]
3762079,[3762259]
3762089,[3801299]
3762119,[3762259]
3762139,"[3762259, 3732299]"
3762789,[3763079]
3763799,[3801309]
3764349,[3764769]
3765789,[4082931]
3765809,"[4005621, 4014031]"
3765839,[3765779]
3765879,[3925811]
3765889,[4149431]
3765899,[4082921]
3765919,[4053141]
3766559,[3766539]
3766599,[3766589]
3766659,[3766549]
3766689,[4082931]
3766699,[4041551]
3766739,[4082931]
3766779,[3766729]
3766849,[3956061]
3767119,[3793029]
3767829,[3767819]
3768129,[3767799]
3768199,[3768399]
3768249,[3767799]
3768279,[3798119]
3768299,[3767799]
3768309,"[3768349, 3767799]"
3769379,[3486619]
3770199,[3458509]
3770209,"[3458509, 3555169]"
3770229,[3770079]
3770239,[3770029]
3770249,[3770069]
3770259,[4001071]
3770299,"[3557149, 3458509]"
3770309,[3770049]
3774029,[3450589]
3775999,[3776209]
3778889,[3771649]
3780089,[3781279]
3780269,[3578829]
3780559,[3780539]
3780859,[3780689]
3781039,[3334099]
3782159,"[3882141, 3789079]"
3782359,[3801299]
3783229,[3783249]
3784139,[4428911]
3784299,[3784709]
3784319,[3784809]
3784429,[3784709]
3785359,[3785429]
3785529,[3812259]
3785539,[3649329]
3785669,[3630029]
3786279,[3786299]
3786469,[3786299]
3787829,[3786869]
3788229,"[3782289, 3782209]"
3788239,[3782199]
3788359,[3788599]
3788369,[3788529]
3788849,[3782219]
3789489,[3789529]
3790769,[3801289]
3792879,[3793019]
3792899,[3793019]
3792909,[3793019]
3792919,[3793019]
3792929,[3793019]
3792939,[3793019]
3792949,[3793059]
3792959,[3793059]
3792969,[3793059]
3792979,[3793059]
3793319,[3625529]
3793339,[3753269]
3793499,[3756839]
3793779,[3515779]
3795029,"[3793389, 3592429]"
3795399,[3798059]
3795849,[3796139]
3797859,[3455789]
3798779,[3715829]
3798819,"[3758259, 3634479, 3555159]"
3799769,[3799779]
3800159,[3800039]
3800399,[3715829]
3800539,[3799899]
3802029,[3789529]
3802039,[3789529]
3802679,[3534039]
3803779,"[3754609, 3430339]"
3803799,[3430319]
3809809,[3599069]
3809819,[3393069]
3812599,[3782949]
3813149,[3813789]
3813159,[3813799]
3813949,[3583069]
3816889,[3817249]
3816899,[3817019]
3816919,[3817019]
3816929,[3817239]
3816949,[3817009]
3816969,[3817239]
3816979,[3817059]
3817159,[3817239]
3817209,[3817019]
3817531,[3816219]
3817581,[3798119]
3817591,[3764499]
3818011,[3825481]
3819051,[3819071]
3821961,[3350149]
3821971,[3593139]
3821991,[3689549]
3822561,[3822711]
3822591,[3822671]
3822611,[3822821]
3823241,[3818261]
3824241,[3689549]
3826251,[3817009]
3826451,[3826411]
3828981,[3826291]
3829081,[3829151]
3829111,[3829171]
3830141,[3830241]
3830341,[3829151]
3836771,"[4017041, 4013701, 4013801, 3897201, 4066001]"
3836791,"[3836801, 3763719]"
3838611,"[3949351, 3995871]"
3838621,[3995871]
3839151,[3995871]
3846371,[4185421]
3846391,"[3846021, 3846121]"
3846411,[4025101]
3846441,[3846001]
3846461,[3846091]
3846541,[4025101]
3851531,"[3852531, 3852171]"
3859181,[4032601]
3860411,[3861551]
3860421,"[4032531, 3861791]"
3860941,[4013251]
3861061,"[4032601, 3861601, 4032511]"
3861071,[3861931]
3861081,[3861891]
3861151,[3861911]
3861181,[3861551]
3861191,[3861791]
3861241,[3861921]
3861251,"[4034711, 4016981]"
3861371,[3861581]
3862051,[3862201]
3869141,[3940481]
3869171,[3940481]
3869301,[4016501]
3869401,[3940441]
3870251,[4000331]
3870281,[3870771]
3870421,[3976011]
3870471,[4262221]
3870481,[3870791]
3870581,[4000361]
3870641,[4000331]
3870851,[4154141]
3870891,[3976011]
3870901,[4025101]
3873971,[3852711]
3874291,[3985071]
3874401,[4025071]
3875121,"[4188511, 3941311]"
3875131,[3973061]
3880051,[3969051]
3881161,[3992941]
3883981,[3969891]
3884061,[4032051]
3884381,[4032051]
3884411,[3719459]
3885371,[4032051]
3885761,[3836831]
3885831,[4032051]
3896961,[3927031]
3897031,[3927031]
3899131,[3899141]
3906061,[3906581]
3906071,[3970011]
3906101,[3906581]
3906111,[3970011]
3906121,[3906581]
3906151,[3970011]
3906201,[4153881]
3906431,[3970011]
3906501,[3926781]
3906511,[3970011]
3910311,[3910441]
3910381,[3910521]
3910561,[3910511]
3910571,[4025101]
3910581,[3955401]
3910611,[4025101]
3911121,[3910911]
3911151,[3910901]
3913921,[3910901]
3913941,[3910911]
3914271,[3910931]
3915271,[4449641]
3915321,[3926371]
3915331,[4000341]
3915361,[3925511]
3915411,[3976011]
3915421,[3910511]
3916241,"[3916251, 3932731]"
3918941,[3919241]
3919381,[3919321]
3923191,[3928761]
3925301,[3926131]
3925361,[3925511]
3925521,[3925981]
3926051,[3957871]
3926071,[3925511]
3926241,[4449621]
3926251,[3706629]
3926301,[4019761]
3926311,[4025101]
3926321,[3915371]
3926731,"[4000341, 3925791]"
3926741,[3926781]
3926751,[3940481]
3926761,"[3926811, 4096851, 4444151, 4027641]"
3926981,[3970011]
3927141,[3970011]
3927311,"[4104241, 3926791, 3851091, 4436221]"
3927381,[3850931]
3927391,"[3897071, 3851181]"
3927401,[3999761]
3927531,[3926091]
3928141,[3927521]
3928181,[4104241]
3928211,[3928221]
3930011,[3930321]
3930031,[3930071]
3930101,"[3897041, 3930041]"
3930111,[3930151]
3930121,[3930321]
3930131,[3930161]
3930141,[3930161]
3930371,[3920591]
3930391,[3995891]
3930401,[3995891]
3930441,[3920591]
3932771,"[3932731, 3932781]"
3933011,[3933251]
3933081,[3933201]
3933141,[3933211]
3933261,[3933021]
3933351,[3933251]
3937101,[3836831]
3937591,[4164831]
3937641,[3836841]
3937671,[3836841]
3938341,[3940481]
3938441,[3940611]
3938461,"[3956711, 3920591, 3940431, 3978741]"
3938471,[3940441]
3938521,[3976391]
3938531,"[3836831, 3940491]"
3938601,[3956681]
3940201,[3920661]
3940211,"[4013981, 3988261, 3978721]"
3940251,[3941291]
3940281,"[3956721, 3920651]"
3940291,[4251801]
3940901,[3941061]
3940961,[3988311]
3942251,[4006031]
3942411,[3943821]
3942511,[3952961]
3942531,[3943571]
3942681,[4090561]
3942851,[4154141]
3943141,[3943551]
3943181,[4006761]
3943201,[4154141]
3943221,[3943991]
3943281,[3943981]
3943351,[3943441]
3944621,[4006021]
3944631,[4066581]
3947171,[3947761]
3947311,[3926781]
3947431,[3992941]
3947441,[3947831]
3947931,[3947461]
3947951,[3941321]
3948951,[4013891]
3949001,[4444211]
3949121,"[4014141, 4032591]"
3949261,[3949411]
3949271,"[3949361, 3953481]"
3949401,[3949421]
3949581,[4004931]
3949591,[4151291]
3949651,[4004931]
3951021,[3954551]
3951041,[3951421]
3951051,[3954551]
3951061,[3951431]
3951091,[3954551]
3951111,[3954551]
3951121,[3951431]
3951251,[3951431]
3951261,[3954551]
3951271,[3951431]
3951281,[3951431]
3951301,"[3951371, 3951431]"
3952041,[3952281]
3952151,"[3952271, 3952301]"
3952161,[3952251]
3952181,[3952281]
3952221,[3952301]
3953081,[3953131]
3953111,"[3952991, 3953161]"
3953171,[3953181]
3953321,[3953471]
3953401,[3953431]
3953421,"[3953371, 3953431]"
3953531,"[3953521, 3953331]"
3953551,[3953471]
3955101,"[3955321, 3910431]"
3955121,"[3851221, 3926781, 4020361]"
3955811,[4436221]
3955821,[3836841]
3955891,[3851171]
3956431,"[3957171, 3956481]"
3956441,[3956561]
3956511,[3957461]
3956551,[3957621]
3956571,[4000341]
3956581,[4477731]
3956601,[3994811]
3956621,[3956811]
3956651,[3956661]
3956761,[3959761]
3956801,[3957461]
3956901,[3956481]
3957001,[3958011]
3957071,[3919951]
3957081,[4000631]
3957091,[3920011]
3957261,[3956501]
3957361,[4000631]
3957371,[3957911]
3957441,[3957931]
3957521,[3957911]
3957531,[3919951]
3957591,[3920011]
3957601,[3961941]
3957661,[3956561]
3957671,[3956851]
3957691,[3999591]
3957761,[3958001]
3957771,[3978731]
3959281,[3956851]
3959501,[3959601]
3959671,[3956821]
3959801,[3960741]
3959901,[3959941]
3960081,"[3960101, 3959961]"
3960131,[3765779]
3960531,[3960721]
3960551,[4376551]
3960571,[3920261]
3960591,[4376551]
3960601,[3960091]
3960611,[3581599]
3960621,[3960721]
3960631,[3960711]
3960701,[3960731]
3960791,[4418541]
3960941,[4418541]
3961341,[3964361]
3961351,[3978671]
3961491,[3961941]
3961521,"[3964361, 3972821]"
3961531,[3961921]
3961591,[3920591]
3961751,[3961921]
3961761,[3972891]
3961771,[3978671]
3961781,[3972401]
3961791,[3961941]
3962511,[4464861]
3962671,"[3963001, 3979361]"
3962971,[4464861]
3964891,[3965011]
3964951,"[3978711, 4000141, 3851081, 4000361]"
3966341,[3966611]
3966381,"[3966601, 3967291]"
3966571,[3966611]
3966811,[3966781]
3967091,[3966291]
3967211,"[3966001, 3966291]"
3967951,[3920591]
3968851,[3956561]
3969811,"[3956501, 3969981, 3970681]"
3969851,[4072951]
3972431,[3961941]
3972441,[4464861]
3975481,[4036601]
3975751,[3977391]
3976471,[3977631]
3977601,[4393651]
3978181,[3920651]
3978201,[3972401]
3978451,[4478701]
3978471,[4066561]
3978521,[4152491]
3978881,[3978971]
3978891,[3978691]
3978931,[3978671]
3978941,[3979001]
3979071,"[3979431, 3979461]"
3979081,[3979381]
3979101,[4315031]
3979141,[3979431]
3979151,[3978691]
3979211,[3979401]
3979911,[3980461]
3979921,[3980241]
3979931,[3980231]
3979941,[3980321]
3979951,[3980461]
3980041,[3980071]
3980051,[3980061]
3981761,[3979411]
3981771,[4315031]
3981821,"[4338021, 3981831, 4349751]"
3982821,[3970821]
3983061,"[3926791, 3970301]"
3988231,[3941321]
3988621,[3989281]
3988671,[3988981]
3988861,[3989491]
3989031,[3988891]
3989211,[3969891]
3989291,[3989281]
3989481,[4053141]
3990091,[3990361]
3990631,[3925871]
3990761,[3990341]
3991121,[3989491]
3991131,[3989451]
3991561,[4444111]
3991721,[3993111]
3991731,[3765939]
3993181,[3910511]
3994571,"[3994931, 3995091]"
3994581,[3995091]
3994651,[3994831]
3994771,[3994931]
3994781,[3994811]
3994791,"[3995111, 3994811]"
3995081,[3940611]
3996871,[3995831]
3996961,[3995871]
3997001,[3995631]
3997011,[3995851]
3997541,[3995451]
3997581,[3995631]
3997591,[3926791]
3997601,[3995931]
4000801,[3999751]
4000871,[4053141]
4000881,[4000341]
4000941,"[3920381, 3999631, 4000631]"
4001001,[3999641]
4001011,"[3999591, 3999781]"
4001041,[3999631]
4001051,[3999781]
4001081,[4000211]
4001091,[4000331]
4001111,[4000231]
4001221,[4001331]
4001541,[4001861]
4001841,"[4001931, 4001871]"
4002351,[4001231]
4002361,[4009991]
4002911,[3925851]
4003091,[4004921]
4003361,[4004981]
4003481,[3927441]
4003521,[3956061]
4003531,[3927421]
4003571,[4005011]
4005211,[4005591]
4005221,[4014351]
4005231,[4005611]
4005451,[4005651]
4005751,[4005511]
4005831,"[4013841, 4013851]"
4006351,[4275981]
4006361,[4006441]
4006381,[4006461]
4006421,[4035761]
4007231,[4464901]
4010341,[3836801]
4010781,[4036601]
4012871,[4013251]
4012881,[4032411]
4012891,[4013251]
4012901,[4016971]
4014281,[4005701]
4016321,[4016561]
4016331,[4016631]
4016371,[4016471]
4016381,[4016561]
4016431,[4405701]
4016641,"[4016631, 4016581]"
4016661,[4032391]
4016691,[4032591]
4016721,[4016511]
4016731,[4016501]
4016761,[4032561]
4018661,[4000221]
4018711,[4000221]
4021101,"[3940481, 4337451]"
4021301,[4021401]
4023401,"[4000021, 4032051]"
4027561,[4056221]
4032041,[4032451]
4032071,[4032521]
4032131,[4032581]
4032141,[3861581]
4032381,[4016451]
4034651,[4049061]
4034881,[4016461]
4037981,[3915891]
4039701,[3450589]
4040251,[3379829]
4040281,[4040211]
4040321,[4040231]
4041581,[4041521]
4041601,[4041551]
4041611,[4041551]
4041621,[4041531]
4052891,[4177691]
4054641,[4054651]
4059401,[4054651]
4059551,[4149691]
4062041,[3910921]
4062141,[4073321]
4062151,[4169321]
4062161,[4061951]
4062181,[4061941]
4062461,[4152231]
4063541,[3927441]
4063611,[3927441]
4063661,[4063581]
4063851,"[3910791, 4063591, 3947701]"
4063861,[3970011]
4064011,[3975571]
4064021,[4063581]
4065541,[4066001]
4065591,[4384451]
4065731,[3975581]
4066371,[4066601]
4066431,[4066621]
4066641,[4066601]
4067421,[4067491]
4067441,[4067501]
4068311,[4069351]
4068441,"[4069321, 4069351]"
4068601,[4069351]
4068611,[4069351]
4068801,[4069351]
4068811,[4069351]
4068821,[4069351]
4068851,[4069351]
4068951,[4069211]
4068961,[4069181]
4071641,[4072481]
4071661,[4072561]
4071671,[4072681]
4071711,[4072671]
4071781,[4072671]
4071791,[4072481]
4071801,[4072571]
4071811,[4072571]
4071951,[4246311]
4072841,[4073071]
4072851,[4072951]
4075541,[4075881]
4075661,"[4075801, 4013791]"
4075721,[4075811]
4080571,"[4082931, 4082191]"
4080581,[4082921]
4081281,[4082181]
4081561,"[4082191, 4082921]"
4081881,[4082171]
4082481,[4082851]
4083471,[4137241]
4083481,"[4137231, 4014051]"
4083871,[4082281]
4083911,[3953471]
4084051,[3953501]
4084141,[4084071]
4084171,[4082731]
4084551,[3953131]
4085901,[4167141]
4086881,"[4025101, 4381651]"
4087331,[4025101]
4087371,[4109091]
4087571,[4183481]
4087601,[4016631]
4088331,[4142811]
4088551,[4126161]
4088861,[4104141]
4089991,[4090561]
4090001,[3981831]
4090091,[3969981]
4090691,[4090511]
4090771,[4089921]
4094201,[4152221]
4094231,[4205781]
4094241,[4939651]
4094251,[4104291]
4094521,[4104291]
4095011,[4093481]
4095181,[3925991]
4095651,[4939651]
4095921,[4137131]
4096061,[3897171]
4097331,"[4230681, 4096191]"
4098571,[4073931]
4098941,[4104291]
4099071,[4103771]
4099191,[4104281]
4102991,"[4105181, 4104621]"
4103011,"[4105781, 4016631]"
4103451,"[3928291, 4104291, 4096181]"
4103741,[4104621]
4103751,[4104461]
4103781,[4358831]
4104391,[4104221]
4104451,[3955321]
4108241,[3943691]
4108261,[4066601]
4110811,"[4109861, 4418541]"
4110881,"[4089141, 4109891]"
4116631,[4436221]
4116831,[3787979]
4116941,[4089191]
4118751,[3870791]
4118761,[3990341]
4119191,[3870771]
4119201,[4016501]
4119281,[4152081]
4119471,[4089131]
4119661,[4109861]
4119751,[3956501]
4119761,[3956481]
4120021,[3956061]
4120091,[3965011]
4120851,[4177691]
4121361,[4000021]
4124671,[4124471]
4124831,[4124041]
4124861,[4093481]
4124981,[4125011]
4127231,[4096841]
4127301,[3976011]
4127341,[4124701]
4128091,[4205781]
4138581,[4138541]
4138721,[3978711]
4139311,[4139671]
4142801,[4109051]
4143771,[3955971]
4144341,[3910971]
4144461,[3910911]
4145611,[3836801]
4145641,[4128191]
4145671,[3940441]
4145691,[4154501]
4145711,[4104241]
4146391,[3976201]
4146901,[3976201]
4148351,[4066581]
4149501,[3910931]
4149511,[4149451]
4150521,[4089131]
4151081,[4151121]
4151111,[4151121]
4151541,[4151621]
4151601,"[4151801, 4337331]"
4151641,[4152491]
4152211,"[3972401, 4152081, 4169981]"
4152251,[4108981]
4152751,[4154141]
4152821,[4154141]
4153001,[4153881]
4153091,"[4428891, 4428981, 4153801]"
4153751,[4153681]
4154351,[4152231]
4154751,[4039951]
4154761,[4156101]
4154801,[4156471]
4154811,[4172041]
4154881,[4154141]
4154891,"[4428871, 4428861]"
4155031,[4478701]
4155341,[4156781]
4155431,[4039951]
4155441,[4251671]
4155591,[4156261]
4155601,[4156231]
4156691,"[4165111, 4156701]"
4159241,[4159251]
4159961,[4109891]
4161801,[4164831]
4161811,[4164831]
4161951,[4165161]
4162001,[4164831]
4162011,[4164831]
4162031,[4164661]
4162421,[4105711]
4162481,[4170041]
4163971,"[4359921, 4149451]"
4164111,[4164831]
4164121,[4164661]
4164131,[4164831]
4164201,[4164831]
4164251,[4165161]
4165491,"[4223401, 4165101]"
4165511,[4165121]
4165821,[4436221]
4166911,[4354981]
4167421,[4152221]
4167751,[4183481]
4168731,[3910931]
4169121,[4156781]
4170171,[4156001]
4170191,[4039951]
4170201,[4034711]
4170401,[3940481]
4170541,[4169981]
4170561,[4169941]
4170881,"[4169891, 4170321, 4359951]"
4170891,"[4152491, 4405761]"
4170901,[4170281]
4171001,[4171041]
4171371,[4464901]
4171671,[4156431]
4171751,[4156261]
4171771,[4478701]
4173661,[4190391]
4175151,[4183511]
4176181,[3988301]
4176321,[4152081]
4176401,[4176551]
4176501,[4013861]
4176621,[4014051]
4176641,[4013951]
4176671,[4176551]
4176731,[4154141]
4176761,[3988301]
4177441,[4177671]
4177581,"[4014061, 4013951]"
4179351,[4088981]
4179891,[4183941]
4179901,[3996181]
4179911,[4056281]
4179921,[4179941]
4181121,[4183961]
4181161,[4418541]
4181241,[4032601]
4181301,[3955321]
4182041,[4182051]
4182161,[4151071]
4182191,[4151071]
4182201,[4151071]
4182701,[4185191]
4182871,[4183511]
4183031,[4428911]
4183241,[4428911]
4183421,[4185191]
4183691,[4185201]
4186541,[4188511]
4187431,[3956001]
4187661,[4013831]
4189731,[4066601]
4191761,[4041551]
4192171,[4169981]
4192191,[4169981]
4194231,[4036601]
4194441,[4177691]
4194631,"[4013621, 3765929]"
4194641,[3970301]
4194761,[4016631]
4195031,[4143921]
4195261,[3920651]
4195341,[3979461]
4195431,[3978701]
4195461,[3988311]
4195751,[4314901]
4195801,[3978711]
4195851,[3979411]
4195881,[4143881]
4195921,[3978741]
4200681,[4183511]
4204641,[4205571]
4204851,[4144161]
4204931,[4205571]
4205231,"[4205101, 4205021]"
4205291,[4066621]
4205381,[4205571]
4205541,[4205721]
4206331,[4205571]
4206381,[4066581]
4206491,[4205571]
4210171,[4066621]
4210771,[3956501]
4217061,[4217091]
4218861,[4096131]
4229901,[4152231]
4230541,[3874921]
4235911,[4236011]
4236081,[4193401]
4238091,[4152221]
4238401,[4239141]
4241231,[4021401]
4245481,[4245741]
4245531,[4245741]
4245561,[4245721]
4245601,[4245731]
4247131,[4149431]
4247161,[4248021]
4247211,[4366681]
4247221,[3976221]
4247231,[4247351]
4247241,[3976221]
4247251,[4366681]
4247271,"[4248171, 4223401]"
4247511,"[4236011, 4236001]"
4250941,[4250951]
4251331,[4251661]
4251341,[4251671]
4251401,"[4013821, 4000741, 4014011, 4013961, 4021421, 4418571, 4013991, 3957621]"
4251411,"[3896671, 4063061, 4251771]"
4251441,"[3976181, 4005551, 3897101, 4418541]"
4251451,[4251801]
4251541,"[4025071, 4251661]"
4251561,[4251801]
4251621,"[3941161, 4251671]"
4251631,"[3896651, 4251781, 3896731]"
4253131,[4253231]
4254351,[3910931]
4258001,[4248221]
4262601,[4238931]
4266761,[3957461]
4269891,[3545839]
4271771,[3925991]
4275751,"[4238931, 4276141, 4319821]"
4275761,"[4275821, 4195991]"
4275781,"[4275831, 3978991]"
4288001,[4288191]
4288111,[4288201]
4288171,[3836801]
4292661,[4292691]
4297931,[4297461]
4297971,"[4298151, 4298171]"
4298211,[4298221]
4299261,[4299321]
4299891,[4301301]
4300141,[4301341]
4300251,[4301281]
4300651,[4301391]
4300681,[4310531]
4303251,[4137241]
4308871,[4029531]
4308921,[4176781]
4308971,[4308621]
4308981,[4308621]
4311851,[4311421]
4312161,[4311441]
4312941,[4314341]
4313491,[4314901]
4313821,"[4375761, 4440951]"
4313831,[3988301]
4320571,[3393089]
4320691,[4320841]
4320761,[4320851]
4325601,[3988261]
4330421,[4477731]
4338311,[4338331]
4338381,[4338431]
4338401,[4338421]
4341671,[4392551]
4349141,[4359171]
4349291,[3969891]
4350061,"[4170321, 4382261]"
4356561,[3953471]
4358241,[4358611]
4358271,"[4358611, 4396181]"
4358321,"[4382251, 4358851]"
4359931,[3975611]
4359941,[3976221]
4359971,[3976221]
4359991,[4359811]
4367201,[4366961]
4368771,[4366641]
4368781,[4366941]
4368811,[4366941]
4371061,[3801729]
4371141,[4371271]
4374541,[4374241]
4374551,[4066581]
4375721,[4375761]
4376521,[4376551]
4376531,[4376551]
4376621,[4376821]
4376651,[4376791]
4376661,[4376781]
4376691,[4376821]
4376701,"[4376561, 4376831]"
4377381,[3932781]
4377441,[4377311]
4377451,[4073041]
4377581,[4402081]
4378711,[4154501]
4378911,[4381821]
4379091,[4382251]
4379701,[4396171]
4379761,[4381821]
4379881,[4154501]
4379891,[4153881]
4379901,[4382401]
4383171,[4383411]
4383301,[3906641]
4388921,[4389211]
4391671,[4082931]
4391681,[4392491]
4395961,[4396141]
4395971,[4065901]
4400261,[3836831]
4401891,[4402041]
4407811,"[3949341, 3836861]"
4407921,[4408261]
4417041,[4417051]
4417191,[4016471]
4417221,[4016561]
4417231,[4016601]
4417281,[4417031]
4417291,[4417021]
4431531,[4430981]
4441031,[4442661]
4442741,[3947831]
4444161,[4032051]
4444171,[4137231]
4444201,[4444111]
4444221,[3897001]
4444711,[4005611]
4444721,[4477731]
4452421,[3463779]
4453581,[3906641]
4456421,[4456431]
4457221,[4457211]
4457231,[4457211]
4457241,[4457251]
4461571,[4164831]
4463141,[3836831]
4466301,"[4338111, 4466321]"
4471181,[3940431]
4471201,[3940431]
4477941,[4477991]
4477971,[4478011]
4481791,[4164831]
4481811,[3836821]
4505461,[4707521]
4505531,[4505261]
4516491,[3836841]
4516501,[3976011]
4524081,[4251671]
4524091,"[4384421, 4251671]"
4524221,[4251661]
4606301,[4605951]
4647441,"[4605941, 4605891]"
4744881,[4105121]
